LOCATION_CODE,size,budget,LOCATION_NAME,lon,lat,LOCATION_TYPE_DESCRIPTION,NTA_NAME,grad_rate,adv_regents_rate,funding_per_student,weighted_accessibility,weighted_accessibility_adv
K036,435.5,2517120.0,P.S. 36,-73.8871957335021,40.66046568725015,Special Education,East New York,66.30000000000001,2.1500000000000004,5779.839265212399,383203.34328358213,12426.654420206662
K053,435.5,2517120.0,P.S. K053,-73.98874366793626,40.660805905065324,Special Education,Sunset Park West,66.30000000000001,2.1500000000000004,5779.839265212399,383203.34328358213,12426.654420206662
K077,435.5,2517120.0,P.S. K077,-73.976648432263,40.678809820488965,Special Education,Park Slope-Gowanus,66.30000000000001,2.1500000000000004,5779.839265212399,383203.34328358213,12426.654420206662
K122,330.0,2926879.0,Pathways in Technology Early College High School (,-73.93928207408081,40.67590592171639,General Academic,Crown Heights North,57.7,5.2,8869.330303030303,511760.3584848485,46120.51757575758
K141,435.5,2517120.0,P.S. K141,-73.95157536009955,40.6564238274755,Special Education,Prospect Lefferts Gardens-Wingate,66.30000000000001,2.1500000000000004,5779.839265212399,383203.34328358213,12426.654420206662
K168,203.0,1760510.0,The Brooklyn School for Math and Research,-73.9117511871937,40.69645742411828,General Academic,Bushwick North,73.5,8.8,8672.463054187192,637426.0344827586,76317.67487684729
K322,110.0,824384.0,Foundations Academy,-73.94755756841683,40.696698891018094,General Academic,Bedford,33.3,0.0,7494.4,249563.51999999996,0.0
K337,345.0,2114329.0,International High School at Lafayette,-73.98631383578874,40.593028549309516,General Academic,Gravesend,74.7,0.0,6128.489855072464,457798.19217391306,0.0
K344,517.0,2742945.0,Rachel Carson High School for Coastal Studies,-73.9720091599395,40.58251885802912,General Academic,West Brighton,80.7,0.7,5305.502901353965,428154.084139265,3713.8520309477753
K348,323.0,1778260.0,High School of Sports Management,-73.98631383578874,40.593028549309516,General Academic,Gravesend,68.5,4.5,5505.448916408669,377123.25077399384,24774.52012383901
K350,394.0,2091190.0,Urban Assembly High School of Music and Art,-73.98452894036029,40.69733011652986,General Academic,DUMBO-Vinegar Hill-Downtown Brooklyn-Boerum Hill,53.1,0.0,5307.588832487309,281832.9670050761,0.0
K356,435.5,2517120.0,Achievement First Crown Heights Charter School,-73.9363138057756,40.662092596299686,General Academic,Prospect Lefferts Gardens-Wingate,88.0,0.0,5779.839265212399,508625.85533869115,0.0
K357,435.5,2517120.0,KIPP AMP Charter School,-73.9376018520105,40.67229015293464,General Academic,Crown Heights North,91.3,30.4,5779.839265212399,527699.3249138921,175707.11366245692
K358,435.5,2517120.0,Achievement First East New York Charter School,-73.89332812698039,40.66406720078261,General Academic,East New York (Pennsylvania Ave),66.30000000000001,2.1500000000000004,5779.839265212399,383203.34328358213,12426.654420206662
K359,435.5,2517120.0,The Uft Charter School,-73.89331968161828,40.671601612007464,General Academic,East New York (Pennsylvania Ave),77.8,11.1,5779.839265212399,449671.49483352463,64156.21584385763
K368,435.5,2517120.0,P.S. 368,-73.94755756841683,40.696698891018094,Special Education,Bedford,66.30000000000001,2.1500000000000004,5779.839265212399,383203.34328358213,12426.654420206662
K369,435.5,2517120.0,P.S. K369  - Coy L. Cox School,-73.98331248578076,40.68743230945372,Special Education,DUMBO-Vinegar Hill-Downtown Brooklyn-Boerum Hill,66.30000000000001,2.1500000000000004,5779.839265212399,383203.34328358213,12426.654420206662
K370,435.5,2517120.0,P.S. 370,-73.96987286520994,40.57770942335385,Special Education,West Brighton,66.30000000000001,2.1500000000000004,5779.839265212399,383203.34328358213,12426.654420206662
K371,435.5,2517120.0,P.S. 371 - Lillian L. Rashkis,-74.00516811003631,40.65430669943561,Special Education,Sunset Park West,66.30000000000001,2.1500000000000004,5779.839265212399,383203.34328358213,12426.654420206662
K373,435.5,2517120.0,P.S. 373 - Brooklyn Transition Center,-73.94521142276815,40.69921474993596,Special Education,Bedford,66.30000000000001,2.1500000000000004,5779.839265212399,383203.34328358213,12426.654420206662
K395,435.5,2517120.0,Roads Charter School I,-73.90414394406683,40.677528878278245,Transfer School,Ocean Hill,3.8,0.0,5779.839265212399,21963.389207807115,0.0
K396,435.5,2517120.0,P.S. K396,-73.91178853039338,40.66823294399037,Special Education,Brownsville,66.30000000000001,2.1500000000000004,5779.839265212399,383203.34328358213,12426.654420206662
K403,352.0,2374724.0,Academy for Environmental Leadership,-73.9117511871937,40.69645742411828,General Academic,Bushwick North,68.8,12.5,6746.375,464150.6,84329.6875
K404,502.0,2969766.0,Academy for Young Writers,-73.87406403625127,40.657265366908,General Academic,East New York,71.8,0.0,5915.868525896414,424759.36015936255,0.0
K405,3877.0,16763098.0,Midwood High School,-73.95235627871176,40.632829982299505,General Academic,Flatbush,89.6,55.6,4323.729172040237,387406.13381480525,240399.3419654372
K408,303.0,1703420.0,Academy of Hospitality and Tourism,-73.95717329732068,40.64960251926961,General Academic,Erasmus,61.3,0.0,5621.848184818482,344619.2937293729,0.0
K410,2313.0,10500993.0,Abraham Lincoln High School,-73.96873301048005,40.58262780525376,General Academic,West Brighton,58.9,11.1,4539.988326848249,267405.31245136185,50393.870428015565
K412,401.0,2016087.0,"Brooklyn Community High School of Communication, A",-73.95818098309017,40.69201517658531,General Academic,Clinton Hill,67.8,0.0,5027.648379052369,340874.5600997506,0.0
K417,435.5,2517120.0,Urban Dove Charter School,-73.95071471823624,40.68957486556752,Transfer School,Bedford,10.5,0.0,5779.839265212399,60688.31228473019,0.0
K419,537.0,3052009.0,"Science Skills Center High School for Science, Tec",-73.98452894036029,40.69733011652986,General Academic,DUMBO-Vinegar Hill-Downtown Brooklyn-Boerum Hill,69.2,8.8,5683.443202979516,393294.26964618254,50014.30018621975
K423,169.0,2113638.0,Brooklyn Frontiers High School,-73.98936977273029,40.69000762293213,Transfer School,DUMBO-Vinegar Hill-Downtown Brooklyn-Boerum Hill,29.4,0.0,12506.733727810652,367697.97159763315,0.0
K425,3055.0,14560238.0,James Madison High School,-73.9476613001796,40.61049905950119,General Academic,Madison,77.0,27.3,4766.03535188216,366984.72209492634,130112.76510638298
K430,5458.0,25408396.0,Brooklyn Technical High School,-73.97643576031425,40.688896814229054,General Academic,Fort Greene,94.4,88.1,4655.257603517772,439456.3177720777,410128.19486991566
K439,343.0,2115516.0,Brooklyn International High School,-73.98452894036029,40.69733011652986,General Academic,DUMBO-Vinegar Hill-Downtown Brooklyn-Boerum Hill,86.6,0.0,6167.685131195335,534121.532361516,0.0
K445,3362.0,16772467.0,New Utrecht High School,-74.00230872436131,40.61304165272245,General Academic,Bensonhurst West,72.6,22.1,4988.836109458655,362189.50154669833,110253.27801903628
K449,592.0,3909161.0,"Brooklyn Latin School, The",-73.94446331979061,40.70976526914453,General Academic,East Williamsburg,96.8,35.4,6603.3125,639200.65,233757.26249999998
K454,328.0,1961107.0,Green School: An Academy for Environmental Careers,-73.94446331979061,40.70976526914453,General Academic,East Williamsburg,64.2,0.0,5978.984756097561,383850.8213414635,0.0
K455,940.0,4132236.0,Boys and Girls High School,-73.93160407079579,40.67847895733553,General Academic,Crown Heights North,50.0,3.3,4395.995744680851,219799.78723404257,14506.785957446808
K473,435.5,2517120.0,Williamsburg Charter High School,-73.93596749637241,40.70369492691728,General Academic,Bushwick South,74.7,7.5,5779.839265212399,431753.99311136623,43348.794489092994
K474,1083.0,5646838.0,PROGRESS High School for Professional Careers,-73.93892174180625,40.711134843869694,General Academic,Bushwick South,66.4,0.0,5214.070175438596,346214.25964912283,0.0
K477,641.0,3474663.0,School for Legal Studies,-73.93892174180625,40.711134843869694,General Academic,Bushwick South,42.9,1.2,5420.691107644306,232547.64851794072,6504.829329173167
K478,1016.0,5208668.0,"The High School for Enterprise, Business and Techn",-73.93892174180625,40.711134843869694,General Academic,Bushwick South,68.0,2.6,5126.641732283465,348611.6377952756,13329.26850393701
K483,449.0,2409248.0,The Urban Assembly School for Law and Justice,-73.98832324894292,40.694629712551105,General Academic,DUMBO-Vinegar Hill-Downtown Brooklyn-Boerum Hill,84.8,0.0,5365.80846325167,455020.5576837416,0.0
K485,1313.0,6542066.0,High School of  Telecommunication Arts and Technol,-74.02341970928762,40.63672134257348,General Academic,Bay Ridge,85.7,33.8,4982.533130236101,427003.08926123386,168409.6198019802
K486,435.5,2517120.0,New Dawn Charter High School,-73.99029031498243,40.682901492073306,Transfer School,DUMBO-Vinegar Hill-Downtown Brooklyn-Boerum Hill,16.8,0.0,5779.839265212399,97101.29965556832,0.0
K488,489.0,2792914.0,Brooklyn Preparatory High School,-73.9548150332145,40.715561246033595,General Academic,North Side-South Side,87.0,0.0,5711.480572597137,496898.8098159509,0.0
K489,435.5,1024966.0,W.E.B. Dubois Academic High School,-73.9551886523501,40.669561804901484,Transfer School,Crown Heights South,8.0,0.0,2353.5384615384614,18828.30769230769,0.0
K490,4317.0,20788575.0,Fort Hamilton High School,-74.03810362318683,40.626827940726095,General Academic,Bay Ridge,70.9,27.5,4815.51424600417,341419.9600416957,132426.64176511468
K495,435.5,3990611.0,Sheepshead Bay High School,-73.9366352006193,40.59315736834059,General Academic,Sheepshead Bay-Gerritsen Beach-Manhattan Beach,50.4,3.7,9163.285878300803,461829.6082663605,33904.15774971298
K498,518.0,2962997.0,Brooklyn High School for Law and Technology,-73.92060333734452,40.6883997367508,General Academic,Stuyvesant Heights,69.7,4.6,5720.071428571428,398688.97857142857,26312.32857142857
K499,623.0,2960766.0,ACORN Community High School,-73.9616360622848,40.67859170199644,General Academic,Crown Heights North,45.3,1.3,4752.433386837881,215285.23242375598,6178.163402889245
K502,296.0,1649993.0,FDNY High School for Fire and Life Safety,-73.89512237392069,40.666868526152925,General Academic,East New York (Pennsylvania Ave),68.8,0.0,5574.300675675676,383511.8864864865,0.0
K504,349.0,2028353.0,High School for Civil Rights,-73.89512237392069,40.666868526152925,General Academic,East New York (Pennsylvania Ave),32.7,0.0,5811.899713467049,190049.12063037252,0.0
K505,3130.0,15748925.0,Franklin Delano Roosevelt High School,-73.98258336446285,40.62129943762143,General Academic,Borough Park,56.8,20.8,5031.605431309904,285795.18849840254,104657.39297124601
K507,428.0,2130218.0,Performing Arts and Technology High School,-73.89512237392069,40.666868526152925,General Academic,East New York (Pennsylvania Ave),57.5,4.7,4977.144859813084,286185.8294392523,23392.580841121493
K508,435.5,2517120.0,Achievement First Endeavor Charter School,-73.96592801121585,40.682422011661295,General Academic,Clinton Hill,72.4,0.0,5779.839265212399,418460.3628013777,0.0
K510,309.0,1758335.0,World Academy for Total Community Health High Scho,-73.89512237392069,40.666868526152925,General Academic,East New York (Pennsylvania Ave),60.2,6.8,5690.404530744337,342562.3527508091,38694.75080906149
K514,328.0,1939750.0,Frederick Douglass Academy VII High School,-73.91210204960551,40.66556800364344,General Academic,Brownsville,55.0,3.8,5913.871951219512,325262.9573170732,22472.713414634145
K519,571.0,2949432.0,Cobble Hill School of American Studies,-73.99088495797997,40.68486954217204,General Academic,DUMBO-Vinegar Hill-Downtown Brooklyn-Boerum Hill,77.9,3.6,5165.38003502627,402383.10472854646,18595.368126094574
K524,421.0,2653762.0,International High School at Prospect Heights,-73.96068944368079,40.66980535639301,General Academic,Crown Heights South,67.3,0.0,6303.472684085511,424223.7116389549,0.0
K525,4021.0,18942717.0,Edward R. Murrow High School,-73.95914124425849,40.61967132395556,General Academic,Midwood,79.1,21.9,4710.946779408107,372635.89025118126,103169.73446903755
K528,256.0,1469745.0,The High School for Global Citizenship,-73.96068944368079,40.66980535639301,General Academic,Crown Heights South,55.7,0.0,5741.19140625,319784.361328125,0.0
K529,435.5,1593742.0,West Brooklyn Community High School,-73.99215190231835,40.6426192601858,Transfer School,Sunset Park East,13.6,0.0,3659.5683122847304,49770.12904707233,0.0
K535,1046.0,5541718.0,Leon M. Goldstein High School for the Sciences,-73.93444971324325,40.57835617069693,General Academic,Sheepshead Bay-Gerritsen Beach-Manhattan Beach,94.4,66.3,5298.009560229446,500132.1024856597,351258.03384321224
K537,347.0,1998759.0,High School for Youth and Community Development at,-73.95717329732068,40.64960251926961,General Academic,Erasmus,76.8,3.2,5760.112391930836,442376.63170028816,18432.359654178676
K538,435.5,2517120.0,Achievement First Bushwick Charter School,-73.91908818182594,40.697898329985534,General Academic,Bushwick North,96.2,0.0,5779.839265212399,556020.5373134328,0.0
K539,434.0,2455530.0,High School for Service & Learning at Erasmus,-73.95717329732068,40.64960251926961,General Academic,Erasmus,70.1,6.0,5657.903225806452,396619.01612903224,33947.41935483871
K540,1937.0,10496103.0,John Dewey High School,-73.98192595527715,40.58807083424705,General Academic,Gravesend,63.6,22.6,5418.741868869386,344631.98286009295,122463.56623644814
K544,435.5,386817.0,International Arts Business School,-73.94383907633218,40.658671030784284,General Academic,Prospect Lefferts Gardens-Wingate,70.6,0.0,888.2135476463835,62707.87646383467,0.0
K545,513.0,3135424.0,EBC High School for Public Service - Bushwick,-73.92931552041843,40.694723878782064,General Academic,Bushwick South,60.5,1.7,6111.937621832359,369772.2261208577,10390.29395711501
K546,439.0,2104951.0,High School for Public Service: Heroes  of Tomorro,-73.94383907633218,40.658671030784284,General Academic,Prospect Lefferts Gardens-Wingate,92.7,21.1,4794.876993166287,444485.09726651484,101171.90455580867
K547,477.0,2617940.0,Brooklyn Academy of Science and the Environment,-73.96068944368079,40.66980535639301,General Academic,Crown Heights South,62.9,4.3,5488.343815513626,345216.82599580707,23599.87840670859
K548,399.0,2273887.0,Brooklyn School for Music & Theatre,-73.96068944368079,40.66980535639301,General Academic,Crown Heights South,77.7,1.1,5698.964912280701,442809.57368421054,6268.861403508772
K549,416.0,2660772.0,Bushwick School for Social Justice,-73.9117511871937,40.69645742411828,General Academic,Bushwick North,64.0,0.0,6396.086538461538,409349.53846153844,0.0
K552,313.0,1866886.0,Academy of Urban Planning,-73.9117511871937,40.69645742411828,General Academic,Bushwick North,55.6,2.8,5964.492012779553,331625.75591054314,16700.57763578275
K553,435.5,1437425.0,Brooklyn Academy High School,-73.94787351818734,40.684654983551205,Transfer School,Bedford,25.7,1.4,3300.631458094145,84826.22847301952,4620.884041331802
K556,362.0,2088438.0,Bushwick Leaders High School for Academic Excellen,-73.92734938266544,40.69543629436888,General Academic,Bushwick South,61.1,1.1,5769.165745856353,352496.0270718232,6346.082320441989
K558,579.0,3807274.0,Williamsburg High School for Architecture and Desi,-73.9548150332145,40.715561246033595,General Academic,North Side-South Side,93.2,19.6,6575.602763385147,612846.1775474957,128881.81416234889
K559,260.0,1716544.0,Life Academy High School for Film and Music,-73.98631383578874,40.593028549309516,General Academic,Gravesend,93.0,0.0,6602.092307692307,613994.5846153846,0.0
K561,671.0,3423243.0,Williamsburg Preparatory School,-73.9548150332145,40.715561246033595,General Academic,North Side-South Side,90.1,26.9,5101.703427719821,459663.47883755586,137235.82220566316
K563,513.0,3275441.0,It Takes a Village Academy,-73.92221210654489,40.64772871251374,General Academic,Rugby-Remsen Village,87.5,6.7,6384.875243664717,558676.5838206628,42778.664132553604
K564,435.5,2228434.0,Bushwick Community High School,-73.91521754525205,40.69587539404184,Transfer School,Bushwick North,9.2,0.0,5116.955223880597,47075.98805970149,0.0
K566,297.0,1852774.0,Brooklyn Generation School,-73.91692770115233,40.6344512276233,General Academic,Canarsie,64.6,0.0,6238.2962962962965,402993.94074074074,0.0
K567,401.0,2345266.0,Brooklyn Theatre Arts High School,-73.91692770115233,40.6344512276233,General Academic,Canarsie,67.7,0.0,5848.543640897756,395946.4044887781,0.0
K568,435.5,1582681.0,Brownsville Academy High School,-73.92388107591536,40.666251616341164,Transfer School,Brownsville,26.3,0.0,3634.1699196326063,95578.66888633755,0.0
K569,288.0,1900036.0,Kurt Hahn Expeditionary Learning School,-73.92221210654489,40.64772871251374,General Academic,Rugby-Remsen Village,75.9,0.0,6597.347222222223,500738.65416666673,0.0
K572,276.0,1753102.0,Expeditionary Learning School for Community Leader,-73.98631383578874,40.593028549309516,General Academic,Gravesend,79.1,0.0,6351.81884057971,502428.87028985505,0.0
K575,435.5,1166422.0,Bedford Stuyvesant Preparatory High School,-73.94787351818734,40.684654983551205,Transfer School,Bedford,18.3,0.0,2678.3513203214698,49013.829161882895,0.0
K576,332.0,2151848.0,Victory Collegiate High School,-73.91692770115233,40.6344512276233,General Academic,Canarsie,67.1,0.0,6481.469879518072,434906.6289156626,0.0
K578,435.5,1457947.0,Brooklyn Bridge Academy,-73.91692770115233,40.6344512276233,Transfer School,Canarsie,14.3,0.0,3347.7543053960962,47872.886567164176,0.0
K583,322.0,1975048.0,Multicultural High School,-73.86930502891809,40.693002554917015,General Academic,park-cemetery-etc-Brooklyn,47.8,0.0,6133.689440993789,293190.3552795031,0.0
K589,298.0,1904444.0,Arts & Media Preparatory Academy,-73.92874416319027,40.65908811131762,General Academic,Prospect Lefferts Gardens-Wingate,48.8,0.0,6390.751677852349,311868.68187919457,0.0
K592,97.0,1242975.0,Khalil Gibran International Academy,-73.97982969841556,40.686147198880136,General Academic,DUMBO-Vinegar Hill-Downtown Brooklyn-Boerum Hill,66.30000000000001,2.1500000000000004,12814.175257731958,849579.8195876289,27550.476804123715
K593,435.5,2517120.0,Excellence Boys Charter School,-73.92585171673447,40.683446179589716,General Academic,Stuyvesant Heights,66.30000000000001,2.1500000000000004,5779.839265212399,383203.34328358213,12426.654420206662
K594,242.0,1436569.0,Gotham Professional Arts Academy,-73.92109977924598,40.680239868493615,General Academic,Stuyvesant Heights,54.7,0.0,5936.235537190083,324712.0838842976,0.0
K595,361.0,2081309.0,Bedford Academy High School,-73.9536924158147,40.68548639346756,General Academic,Bedford,96.2,59.5,5765.398891966759,554631.3734072022,343041.23407202214
K600,1525.0,7961231.0,Clara Barton High School,-73.96068944368079,40.66980535639301,Career Technical,Crown Heights South,62.7,3.0,5220.479344262295,327324.0548852459,15661.438032786886
K605,702.0,3995888.0,George Westinghouse Career and Technical Education,-73.9861052897446,40.695444662271534,Career Technical,DUMBO-Vinegar Hill-Downtown Brooklyn-Boerum Hill,63.9,0.6,5692.148148148148,363728.26666666666,3415.288888888889
K610,420.0,2365399.0,Automotive High School,-73.9533283129793,40.721448163234676,Career Technical,North Side-South Side,45.8,0.0,5631.902380952381,257941.129047619,0.0
K611,85.0,1278198.0,Origins High School,-73.9366352006193,40.59315736834059,General Academic,Sheepshead Bay-Gerritsen Beach-Manhattan Beach,66.30000000000001,2.1500000000000004,15037.623529411765,996994.4400000002,32330.8905882353
K615,1167.0,6435393.0,Transit Tech Career and Technical Education High S,-73.8753285289017,40.678780329469056,Career Technical,East New York,54.6,0.0,5514.47557840617,301090.3665809769,0.0
K616,435.5,1666059.0,Brooklyn High School for Leadership and Community,-73.95818098309017,40.69201517658531,Transfer School,Clinton Hill,4.2,0.0,3825.6234213547646,16067.618369690012,0.0
K617,313.0,2092448.0,High School for Innovation in Advertising and Medi,-73.8986012414189,40.64054368130641,Career Technical,Canarsie,75.8,0.0,6685.137380191693,506733.41341853037,0.0
K618,440.0,2752120.0,Academy of Innovative Technology,-73.86930502891809,40.693002554917015,Career Technical,park-cemetery-etc-Brooklyn,70.2,7.0,6254.818181818182,439088.2363636364,43783.72727272727
K620,636.0,3548005.0,William E. Grady Career and Technical Education Hi,-73.96376450827856,40.58326313978242,Career Technical,Brighton Beach,57.1,1.7,5578.624213836478,318539.4426100629,9483.661163522012
K629,309.0,2162728.0,Cultural Academy for the Arts and Sciences,-73.92221210654489,40.64772871251374,General Academic,Rugby-Remsen Village,56.8,1.4,6999.119741100324,397550.0012944984,9798.767637540454
K630,435.5,1431145.0,Professional Pathways High School,-73.9366352006193,40.59315736834059,Transfer School,Sheepshead Bay-Gerritsen Beach-Manhattan Beach,20.4,0.0,3286.211251435132,67038.70952927669,0.0
K632,157.0,1189471.0,Frances Perkins Academy,-73.9533283129793,40.721448163234676,Career Technical,North Side-South Side,63.4,0.0,7576.248407643312,480334.149044586,0.0
K633,441.0,2435388.0,High School for Medical Professions,-73.8986012414189,40.64054368130641,General Academic,Canarsie,87.4,1.0,5522.421768707483,482659.6625850341,5522.421768707483
K635,435.5,1402913.0,Olympus Academy,-73.8864997412078,40.652203205147934,Transfer School,Starrett City,11.9,0.0,3221.3846153846152,38334.47692307692,0.0
K637,280.0,1880076.0,Academy for Conservation and the Environment,-73.91692770115233,40.6344512276233,General Academic,Canarsie,77.4,0.0,6714.557142857143,519706.7228571429,0.0
K639,364.0,2362510.0,Brooklyn Lab School,-73.86930502891809,40.693002554917015,General Academic,park-cemetery-etc-Brooklyn,48.4,3.2,6490.412087912088,314135.94505494507,20769.318681318684
K642,312.0,1981932.0,Urban Action Academy,-73.8986012414189,40.64054368130641,General Academic,Canarsie,51.9,0.0,6352.346153846154,329686.7653846154,0.0
K643,435.5,1578527.0,Brooklyn Democracy Academy,-73.90666218819632,40.65564407960312,Transfer School,Brownsville,13.8,0.0,3624.631458094145,50019.9141216992,0.0
K646,435.5,1832583.0,Aspirations Diploma Plus High School,-73.90414394406683,40.677528878278245,Transfer School,Ocean Hill,14.6,0.0,4207.997703788748,61436.76647531572,0.0
K647,435.5,1349787.0,Metropolitan Diploma Plus High School,-73.90666218819632,40.65564407960312,Transfer School,Brownsville,20.8,0.0,3099.3960964408725,64467.43880597015,0.0
K652,435.5,2517120.0,Brooklyn Ascend Charter School,-73.92044018710038,40.66194547375231,General Academic,Brownsville,66.30000000000001,2.1500000000000004,5779.839265212399,383203.34328358213,12426.654420206662
K656,815.0,5313036.0,Brooklyn High School of the Arts,-73.98026663825839,40.68395145738435,General Academic,DUMBO-Vinegar Hill-Downtown Brooklyn-Boerum Hill,89.5,3.2,6519.062576687116,583456.1006134968,20861.000245398773
K659,370.0,2016925.0,Cypress Hills Collegiate Preparatory School,-73.86930502891809,40.693002554917015,General Academic,park-cemetery-etc-Brooklyn,54.8,1.9,5451.148648648648,298722.9459459459,10357.182432432432
K660,463.0,2823855.0,W. H. Maxwell Career and Technical Education High,-73.89597673472043,40.67376692985297,Career Technical,East New York (Pennsylvania Ave),52.7,3.3,6099.038876889849,321419.34881209506,20126.8282937365
K667,1309.0,8059142.0,Sunset Park High School,-74.00434288126911,40.6555830568828,General Academic,Sunset Park West,63.3,0.6,6156.716577540107,389720.15935828874,3694.029946524064
K669,435.5,1671527.0,Research and Service High School,-73.93160407079579,40.67847895733553,Transfer School,Crown Heights North,18.5,0.0,3838.179104477612,71006.31343283581,0.0
K670,907.0,4332069.0,Benjamin Banneker Academy,-73.9687594662091,40.69538911037298,General Academic,Clinton Hill,91.2,30.2,4776.2613009922825,435595.0306504962,144243.09128996692
K673,435.5,1415442.0,East Brooklyn Community High School,-73.92065886654896,40.65991448716652,Transfer School,Rugby-Remsen Village,20.8,0.0,3250.153846153846,67603.2,0.0
K674,451.0,2781208.0,"City Polytechnic High School of Engineering, Archi",-73.9861052897446,40.695444662271534,Career Technical,DUMBO-Vinegar Hill-Downtown Brooklyn-Boerum Hill,86.0,0.0,6166.758314855876,530341.2150776053,0.0
K683,309.0,1811337.0,"The School for Classics: An Academy of Thinkers, W",-73.87453741906869,40.67002088333942,General Academic,East New York,81.7,8.5,5861.9320388349515,478919.84757281555,49826.42233009709
K684,387.0,3002405.0,Millennium Brooklyn HS,-73.9785803397551,40.669255633642415,General Academic,Park Slope-Gowanus,94.7,39.8,7758.152454780362,734697.0374677003,308774.46770025836
K685,225.0,1822795.0,El Puente Academy for Peace and Justice,-73.95574154732137,40.70554047656011,General Academic,Williamsburg,66.1,0.0,8101.311111111111,535496.6644444444,0.0
K688,148.0,1184920.0,The Brooklyn Academy of Global Finance,-73.93225424962797,40.69146760469716,General Academic,Stuyvesant Heights,58.3,2.8,8006.216216216216,466762.4054054054,22417.405405405403
K693,435.5,2517120.0,Northside Charter High School,-73.94793259700836,40.71981820725507,General Academic,Greenpoint,75.3,2.2,5779.839265212399,435221.89667049365,12715.64638346728
K698,435.5,1213898.0,South Brooklyn Community High School,-74.01424794891875,40.677776528205634,Transfer School,Carroll Gardens-Columbia Street-Red Hook,3.4,0.0,2787.366245694604,9477.045235361653,0.0
K712,435.5,2517120.0,Excellence Girls Charter School,-73.92442224638827,40.6881003833579,General Academic,Stuyvesant Heights,66.30000000000001,2.1500000000000004,5779.839265212399,383203.34328358213,12426.654420206662
K721,435.5,2517120.0,P.S. K721 - Brooklyn Occupational Training Center,-73.98192595527715,40.58807083424705,Special Education,Gravesend,66.30000000000001,2.1500000000000004,5779.839265212399,383203.34328358213,12426.654420206662
K728,435.5,1300875.0,Liberation Diploma Plus,-73.9854135727824,40.576976840315034,Transfer School,Seagate-Coney Island,12.2,0.0,2987.0838117106773,36442.422502870264,0.0
K733,435.5,2517120.0,"Math, Engineering, and Science Academy Charter Hig",-73.91521754525205,40.69587539404184,General Academic,Bushwick North,66.30000000000001,2.1500000000000004,5779.839265212399,383203.34328358213,12426.654420206662
K737,435.5,2517120.0,Brownsville Ascend Charter School,-73.91812160115478,40.66859993644669,General Academic,Brownsville,66.30000000000001,2.1500000000000004,5779.839265212399,383203.34328358213,12426.654420206662
K738,435.5,2517120.0,New Visions Charter High School for Advanced Math,-73.9366352006193,40.59315736834059,General Academic,Sheepshead Bay-Gerritsen Beach-Manhattan Beach,66.30000000000001,2.1500000000000004,5779.839265212399,383203.34328358213,12426.654420206662
K739,435.5,2517120.0,New Visions Charter High School for the Humanities,-73.9366352006193,40.59315736834059,General Academic,Sheepshead Bay-Gerritsen Beach-Manhattan Beach,66.30000000000001,2.1500000000000004,5779.839265212399,383203.34328358213,12426.654420206662
K745,170.0,1724873.0,Brooklyn Institute for Liberal Arts,-73.94383907633218,40.658671030784284,General Academic,Prospect Lefferts Gardens-Wingate,66.30000000000001,2.1500000000000004,10146.311764705883,672700.4700000001,21814.57029411765
K751,314.0,2761118.0,Academy for Health Careers,-73.93928207408081,40.67590592171639,General Academic,Crown Heights North,70.4,0.0,8793.369426751593,619053.2076433122,0.0
K753,435.5,2517120.0,P.S. K753 - School for Career Development,-73.969248606891,40.68257665425976,Special Education,Fort Greene,66.30000000000001,2.1500000000000004,5779.839265212399,383203.34328358213,12426.654420206662
K764,435.5,758973.0,The Urban Assembly School for Collaborative Health,-73.86930502891809,40.693002554917015,General Academic,park-cemetery-etc-Brooklyn,66.30000000000001,2.1500000000000004,1742.7623421354765,115545.14328358212,3746.939035591275
K765,435.5,865347.0,Nelson Mandela High School,-73.93160407079579,40.67847895733553,General Academic,Crown Heights North,66.30000000000001,2.1500000000000004,1987.0195177956373,131739.39402985078,4272.091963260621
K769,435.5,2517120.0,Hyde Leadership Charter School- Brooklyn,-73.8982495172861,40.66798571491574,General Academic,East New York (Pennsylvania Ave),66.30000000000001,2.1500000000000004,5779.839265212399,383203.34328358213,12426.654420206662
K771,435.5,2517120.0,P.S. K771,-73.95585696683547,40.58026030466613,Special Education,Brighton Beach,66.30000000000001,2.1500000000000004,5779.839265212399,383203.34328358213,12426.654420206662
K772,435.5,2517120.0,Success Academy Charter School - Bensonhurst - New,-73.98498539063023,40.60813574747413,General Academic,Bensonhurst East,66.30000000000001,2.1500000000000004,5779.839265212399,383203.34328358213,12426.654420206662
K774,435.5,2517120.0,Achievement First Apollo Charter School,-73.88421129788195,40.677112553038874,General Academic,East New York,66.30000000000001,2.1500000000000004,5779.839265212399,383203.34328358213,12426.654420206662
K781,435.5,2517120.0,Success Academy Charter School - Bergen Beach - Ne,-73.91291420024879,40.6205376570534,General Academic,Georgetown-Marine Park-Bergen Beach-Mill Basin,66.30000000000001,2.1500000000000004,5779.839265212399,383203.34328358213,12426.654420206662
K784,435.5,2517120.0,Achievement First North Brooklyn Prep Charter Scho,-73.91515920822735,40.69354229700681,General Academic,Bushwick South,66.30000000000001,2.1500000000000004,5779.839265212399,383203.34328358213,12426.654420206662
K792,435.5,2517120.0,The Cultural Arts Academy at Spring Creek Charter,-73.90833962997046,40.65451183330136,General Academic,Brownsville,66.30000000000001,2.1500000000000004,5779.839265212399,383203.34328358213,12426.654420206662
K793,435.5,2517120.0,Bushwick Ascend Charter School,-73.90892036519375,40.693748875953254,General Academic,Bushwick North,66.30000000000001,2.1500000000000004,5779.839265212399,383203.34328358213,12426.654420206662
M035,435.5,2517120.0,P.S. 035,-73.98589963481119,40.76412939487712,Special Education,Clinton,66.30000000000001,2.1500000000000004,5779.839265212399,383203.34328358213,12426.654420206662
M068,435.5,2517120.0,KIPP Washington Heights Middle School,-73.93581544821178,40.839139485123226,General Academic,Washington Heights South,66.30000000000001,2.1500000000000004,5779.839265212399,383203.34328358213,12426.654420206662
M135,116.0,1519496.0,The Urban Assembly School for Emergency Management,-74.00164842829555,40.71131297639915,Career Technical,Chinatown,66.30000000000001,2.1500000000000004,13099.103448275862,868470.5586206898,28163.07241379311
M138,435.5,2517120.0,P.S. 138,-73.9354612354868,40.80565373169684,Special Education,East Harlem North,66.30000000000001,2.1500000000000004,5779.839265212399,383203.34328358213,12426.654420206662
M139,85.0,1491605.0,Stephen T. Mather Building Arts & Craftsmanship Hi,-73.99031825140895,40.76365501054409,Career Technical,Clinton,66.30000000000001,2.1500000000000004,17548.29411764706,1163451.9000000001,37728.83235294119
M157,82.0,1270052.0,The Urban Assembly School for Global Commerce,-73.93871454976768,40.80701963535607,General Academic,Central Harlem North-Polo Grounds,66.30000000000001,2.1500000000000004,15488.439024390244,1026883.5073170733,33300.14390243903
M169,435.5,2517120.0,P.S. M169 - Robert F. Kennedy,-73.95559403260064,40.78079873382592,Special Education,Upper East Side-Carnegie Hill,66.30000000000001,2.1500000000000004,5779.839265212399,383203.34328358213,12426.654420206662
M202,435.5,2517120.0,Great Oaks Charter School,-73.99653720448764,40.71158192281979,General Academic,Chinatown,66.30000000000001,2.1500000000000004,5779.839265212399,383203.34328358213,12426.654420206662
M211,435.5,744575.0,Inwood Early College for Health and Information Te,-73.92546427888867,40.865556525562006,General Academic,Marble Hill-Inwood,66.30000000000001,2.1500000000000004,1709.7014925373135,113353.2089552239,3675.8582089552247
M226,435.5,2517120.0,P.S. M226,-73.98259033850427,40.732665892243425,Special Education,Gramercy,66.30000000000001,2.1500000000000004,5779.839265212399,383203.34328358213,12426.654420206662
M265,435.5,2517120.0,Success Academy Charter School - Washington Height,-73.93554768429095,40.85812995319484,General Academic,Washington Heights North,66.30000000000001,2.1500000000000004,5779.839265212399,383203.34328358213,12426.654420206662
M280,435.5,738520.0,Manhattan Early College School for Advertising,-74.00164842829555,40.71131297639915,General Academic,Chinatown,66.30000000000001,2.1500000000000004,1695.7979334098736,112431.40298507464,3645.9655568312287
M282,435.5,916308.0,Urban Assembly Maker Academy,-74.00164842829555,40.71131297639915,General Academic,Chinatown,66.30000000000001,2.1500000000000004,2104.036739380023,139497.63582089555,4523.67898966705
M283,435.5,602010.0,Manhattan Theatre Lab High School,-73.98560851538744,40.77489148390452,General Academic,Lincoln Square,49.2,0.0,1382.342135476464,68011.23306544202,0.0
M284,435.5,2517120.0,Harlem Children's Zone Promise Academy 1 Charter S,-73.94815995468392,40.812469800335634,General Academic,Central Harlem North-Polo Grounds,66.30000000000001,2.1500000000000004,5779.839265212399,383203.34328358213,12426.654420206662
M285,435.5,1716997.0,Harlem Renaissance High School,-73.93997461852219,40.80769275579538,Transfer School,Central Harlem North-Polo Grounds,22.9,0.0,3942.5878300803674,90285.2613088404,0.0
M288,443.0,2634606.0,Food and Finance High School,-73.99270058516923,40.76547494997161,Career Technical,Clinton,78.8,0.0,5947.191873589165,468638.7196388262,0.0
M294,349.0,2120684.0,Essex Street Academy,-73.98932934127876,40.71732901023731,General Academic,Chinatown,78.7,0.0,6076.458452722063,478217.2802292264,0.0
M296,431.0,2211484.0,High School of Hospitality Management,-73.99270058516923,40.76547494997161,General Academic,Clinton,80.6,0.0,5131.053364269142,413562.9011600928,0.0
M298,421.0,2335157.0,Pace High School,-73.99360781073425,40.716231423166526,General Academic,Chinatown,86.7,17.3,5546.691211401425,480898.12802850356,95957.75795724466
M299,435.0,2503694.0,"High School for Arts, Imagination and Inquiry",-73.98560851538744,40.77489148390452,General Academic,Lincoln Square,74.0,0.0,5755.618390804598,425915.76091954025,0.0
M300,427.0,2375302.0,"Urban Assembly School of Design and Construction,",-73.99270058516923,40.76547494997161,General Academic,Clinton,59.3,0.0,5562.768149882904,329872.1512880562,0.0
M303,417.0,2800611.0,"Facing History School, The",-73.99270058516923,40.76547494997161,General Academic,Clinton,60.4,0.0,6716.093525179856,405652.0489208633,0.0
M304,425.0,2276684.0,Mott Hall High School,-73.94715188772422,40.817228688678604,General Academic,Central Harlem North-Polo Grounds,66.7,2.9,5356.903529411765,357305.46541176474,15535.020235294118
M305,326.0,2000664.0,"Urban Assembly Academy of Government and Law, The",-73.98932934127876,40.71732901023731,General Academic,Chinatown,85.7,0.0,6137.006134969325,525941.4257668712,0.0
M307,387.0,2367506.0,"Urban Assembly School for Media Studies, The",-73.98560851538744,40.77489148390452,General Academic,Lincoln Square,72.9,0.0,6117.586563307494,445972.06046511634,0.0
M308,362.0,2280476.0,Lower Manhattan Arts Academy,-73.98932934127876,40.71732901023731,General Academic,Chinatown,68.2,0.0,6299.657458563536,429636.63867403317,0.0
M313,435.5,1786960.0,"James Baldwin School, The: A School for Expedition",-74.0025405964067,40.74340739611675,Transfer School,Hudson Yards-Chelsea-Flatiron-Union Square,43.0,0.0,4103.2376578645235,176439.2192881745,0.0
M316,412.0,2196268.0,"Urban Assembly School of Business for Young Women,",-74.01330172836009,40.70567996533229,General Academic,Battery Park City-Lower Manhattan,76.0,20.0,5330.747572815534,405136.8155339806,106614.95145631068
M336,435.5,2517120.0,KIPP Infinity Charter School,-73.95681447771112,40.81979353549829,General Academic,Manhattanville,79.6,40.7,5779.839265212399,460075.20551090693,235239.45809414468
M369,354.0,2036304.0,Urban Assembly School for the Performing Arts,-73.95552013511133,40.81574732703215,General Academic,Manhattanville,77.3,0.0,5752.271186440678,444650.5627118644,0.0
M374,548.0,3128005.0,Gramercy Arts High School,-73.98706400797131,40.735361830024786,General Academic,Gramercy,82.3,8.0,5708.038321167884,469771.5538321168,45664.30656934307
M376,433.0,2543911.0,NYC iSchool,-74.00505811445406,40.72463045192864,General Academic,SoHo-TriBeCa-Civic Center-Little Italy,98.0,0.0,5875.083140877598,575758.1478060046,0.0
M392,426.0,2668777.0,MANHATTAN BUSINESS ACADEMY,-74.0025405964067,40.74340739611675,General Academic,Hudson Yards-Chelsea-Flatiron-Union Square,85.9,1.0,6264.734741784037,538140.7143192488,6264.734741784037
M393,420.0,2905052.0,BUSINESS OF SPORTS SCHOOL,-73.99031825140895,40.76365501054409,Career Technical,Clinton,60.0,0.0,6916.7904761904765,415007.4285714286,0.0
M394,435.5,1859368.0,EMMA LAZARUS HIGH SCHOOL,-73.99360781073425,40.716231423166526,Transfer School,Chinatown,52.5,25.4,4269.5017221584385,224148.84041331802,108445.34374282433
M399,358.0,2504755.0,THE HIGH SCHOOL FOR LANGUAGE AND DIPLOMACY,-73.98706400797131,40.735361830024786,General Academic,Gramercy,70.2,6.0,6996.522346368715,491155.8687150838,41979.13407821229
M400,1312.0,6226011.0,High School for Environmental Studies,-73.98861005207706,40.76784881917819,General Academic,Clinton,79.7,18.2,4745.435213414634,378211.18650914636,86366.92088414633
M401,435.5,2517120.0,Hospital Schools,-73.82764212256468,40.83182917208936,Special Education,Schuylerville-Throgs Neck-Edgewater Park,66.30000000000001,2.1500000000000004,5779.839265212399,383203.34328358213,12426.654420206662
M402,395.0,2897816.0,The Urban Assembly School for Green Careers,-73.97448384262418,40.786134738338646,Career Technical,Upper West Side,64.1,0.0,7336.243037974684,470253.1787341772,0.0
M403,480.0,3043963.0,The Global Learning Collaborative,-73.97448384262418,40.786134738338646,General Academic,Upper West Side,74.4,8.5,6341.589583333333,471814.265,53903.511458333334
M404,435.5,1434662.0,Innovation Diploma Plus,-73.97448384262418,40.786134738338646,Transfer School,Upper West Side,3.2,0.0,3294.2870264064295,10541.718484500576,0.0
M409,311.0,1893062.0,Coalition School for Social Change,-73.93374097357507,40.79926577687426,General Academic,East Harlem North,32.5,0.0,6087.016077170418,197828.0225080386,0.0
M411,439.0,2180707.0,Baruch College Campus High School,-73.98572390578397,40.74188869227735,General Academic,Hudson Yards-Chelsea-Flatiron-Union Square,99.0,38.1,4967.441913439636,491776.74943052395,189259.53690205014
M412,599.0,3198784.0,N.Y.C. Lab School for Collaborative Studies,-74.00222299200026,40.74251261404445,General Academic,Hudson Yards-Chelsea-Flatiron-Union Square,96.3,49.1,5340.207011686143,514261.9352253756,262204.1642737896
M414,462.0,2303569.0,N.Y.C. Museum School,-74.00222299200026,40.74251261404445,General Academic,Hudson Yards-Chelsea-Flatiron-Union Square,99.1,58.2,4986.080086580087,494120.53658008657,290189.86103896104
M416,531.0,2846613.0,Eleanor Roosevelt High School,-73.95327603420641,40.77028821651405,General Academic,Lenox Hill-Roosevelt Island,100.0,90.7,5360.853107344633,536085.3107344633,486229.3768361582
M417,373.0,2301897.0,FRANK McCOURT HIGH SCHOOL,-73.97448384262418,40.786134738338646,General Academic,Upper West Side,90.2,6.9,6171.30563002681,556651.7678284183,42582.00884718499
M418,619.0,3150734.0,Millennium High School,-74.01120242933429,40.70469756308809,General Academic,Battery Park City-Lower Manhattan,98.0,53.3,5090.038772213247,498823.7996768982,271299.06655896606
M419,396.0,2393004.0,Landmark High School,-74.0025405964067,40.74340739611675,General Academic,Hudson Yards-Chelsea-Flatiron-Union Square,40.4,0.0,6042.939393939394,244134.7515151515,0.0
M420,1706.0,7996603.0,High School for Health Professions and Human Servi,-73.98259033850427,40.732665892243425,General Academic,Gramercy,85.7,32.7,4687.340562719813,401705.0862250879,153276.03640093788
M423,223.0,1973932.0,High School for Excellence and Innovation,-73.92546427888867,40.865556525562006,Transfer School,Marble Hill-Inwood,23.4,0.0,8851.713004484305,207130.08430493274,0.0
M425,685.0,3776997.0,Leadership and Public Service High School,-74.01246557561143,40.708971030659605,General Academic,Battery Park City-Lower Manhattan,59.9,1.2,5513.864233576643,330280.4675912409,6616.637080291971
M427,312.0,2425646.0,MANHATTAN ACADEMY FOR ARTS & LANGUAGE,-73.98107095330836,40.746510180543154,General Academic,Murray Hill-Kips Bay,48.9,1.1,7774.50641025641,380173.36346153845,8551.957051282052
M429,435.5,416331.0,Legacy School for Integrated Studies,-73.99573123549789,40.73641646267875,General Academic,West Village,63.2,0.0,955.9839265212399,60418.184156142364,0.0
M432,305.0,2526186.0,Murray Hill Academy,-73.98107095330836,40.746510180543154,Transfer School,Murray Hill-Kips Bay,63.3,1.3,8282.577049180329,524287.12721311476,10767.350163934429
M433,435.5,2517120.0,Renaissance Charter High School for Innovation,-73.9421543953133,40.78510749447079,General Academic,East Harlem South,45.9,0.0,5779.839265212399,265294.62227324914,0.0
M435,1588.0,6703938.0,Manhattan Center for Science and Mathematics,-73.93286842269943,40.79418477832236,General Academic,East Harlem North,91.4,52.1,4221.6234256926955,385856.3811083124,219946.58047858943
M437,462.0,3143303.0,Hudson High School of Learning Technologies,-74.0025405964067,40.74340739611675,General Academic,Hudson Yards-Chelsea-Flatiron-Union Square,65.0,0.0,6803.6861471861475,442239.5995670996,0.0
M438,339.0,2556439.0,International High School at Union Square,-73.98706400797131,40.735361830024786,General Academic,Gramercy,48.7,0.0,7541.117994100295,367252.4463126844,0.0
M439,414.0,2150119.0,Manhattan Village Academy,-73.99196698148006,40.74196340520884,General Academic,Hudson Yards-Chelsea-Flatiron-Union Square,97.5,92.6,5193.524154589372,506368.6050724638,480920.3367149758
M442,435.5,885073.0,"Ballet Tech, NYC Public School for Dance",-73.98948111442047,40.738521286612766,General Academic,Hudson Yards-Chelsea-Flatiron-Union Square,66.30000000000001,2.1500000000000004,2032.3145809414466,134742.45671641795,4369.476349024111
M448,299.0,1995974.0,University Neighborhood High School,-73.98412869002635,40.71226981609845,General Academic,Lower East Side,82.9,15.9,6675.498327759197,553398.8113712375,106140.42341137124
M449,469.0,2673139.0,Vanguard High School,-73.95977730844515,40.76563833390985,General Academic,Lenox Hill-Roosevelt Island,71.3,0.0,5699.6567164179105,406385.52388059703,0.0
M458,435.5,1489562.0,Forsyth Satellite Academy,-73.99046854907381,40.72241514894943,Transfer School,Chinatown,14.9,0.0,3420.349024110218,50963.20045924225,0.0
M459,331.0,2050330.0,Manhattan International High School,-73.95977730844515,40.76563833390985,General Academic,Lenox Hill-Roosevelt Island,65.7,0.0,6194.350453172206,406968.82477341394,0.0
M460,435.5,912484.0,Washington Irving High School,-73.98706400797131,40.735361830024786,General Academic,Gramercy,50.6,0.0,2095.256027554535,106019.95499425949,0.0
M462,546.0,3124919.0,The College Academy,-73.92606001255074,40.856532335983374,General Academic,Washington Heights North,45.9,1.5,5723.294871794872,262699.2346153846,8584.942307692309
M463,523.0,3068119.0,High School for Media and Communications,-73.92606001255074,40.856532335983374,General Academic,Washington Heights North,50.4,0.0,5866.38432122371,295665.76978967496,0.0
M467,679.0,3718370.0,High School for Law and Public Service,-73.92606001255074,40.856532335983374,General Academic,Washington Heights North,62.5,0.0,5476.244477172312,342265.2798232695,0.0
M468,624.0,3389672.0,High School for Health Careers and Sciences,-73.92606001255074,40.856532335983374,General Academic,Washington Heights North,65.4,0.8,5432.166666666667,355263.70000000007,4345.733333333334
M475,3292.0,16976868.0,Stuyvesant High School,-74.01392106240503,40.71802583212892,General Academic,Battery Park City-Lower Manhattan,96.3,95.3,5157.007290400972,496619.8020656136,491462.79477521265
M479,1276.0,5435211.0,Beacon High School,-73.9883384592525,40.77260817041391,General Academic,Lincoln Square,99.3,0.0,4259.569749216301,422975.27609717863,0.0
M483,435.5,2517120.0,New York French American Charter School,-73.9542288133819,40.807537357570524,General Academic,Central Harlem South,66.30000000000001,2.1500000000000004,5779.839265212399,383203.34328358213,12426.654420206662
M485,2730.0,14552757.0,Fiorello H. LaGuardia High School of Music & Art a,-73.98597693226571,40.774202600142786,General Academic,Lincoln Square,97.4,71.0,5330.68021978022,519208.25340659346,378478.2956043956
M489,767.0,4052390.0,High School of Economics and Finance,-74.01232856732592,40.70927022459345,General Academic,Battery Park City-Lower Manhattan,67.8,9.0,5283.428943937419,358216.48239895696,47550.86049543677
M492,531.0,3473466.0,"High School for Law, Advocacy and Community Justic",-73.98560851538744,40.77489148390452,General Academic,Lincoln Square,69.6,4.5,6541.367231638418,455279.15932203387,29436.15254237288
M494,588.0,3135383.0,High School of Arts and Technology,-73.98560851538744,40.77489148390452,General Academic,Lincoln Square,63.6,2.0,5332.284013605442,339133.26326530613,10664.568027210884
M495,409.0,2164305.0,Park East High School,-73.94409287793933,40.790191696333075,General Academic,East Harlem South,95.8,10.4,5291.699266503668,506944.78973105137,55033.672371638146
M500,255.0,1710570.0,Unity Center for Urban Technologies,-73.98107095330836,40.746510180543154,General Academic,Murray Hill-Kips Bay,78.6,4.8,6708.117647058823,527258.0470588235,32198.96470588235
M501,435.5,2517120.0,Home Instruction,-74.00615528947367,40.72905220135397,Home School,West Village,66.30000000000001,2.1500000000000004,5779.839265212399,383203.34328358213,12426.654420206662
M505,435.5,3968944.0,Edward A. Reynolds West Side High School,-73.9667794501533,40.797136400624204,Transfer School,Upper West Side,16.2,0.0,9113.53386911596,147639.24867967854,0.0
M507,367.0,2947458.0,Urban Assembly Gateway School for Technology,-73.99031825140895,40.76365501054409,General Academic,Clinton,83.8,11.1,8031.220708446866,673016.2953678474,89146.54986376021
M509,401.0,2444595.0,Marta Valle High School,-73.98603883388186,40.72004048075178,General Academic,Chinatown,44.1,4.9,6096.246882793018,268844.4875311721,29871.60972568579
M515,435.5,3917355.0,Lower East Side Preparatory High School,-73.98603883388186,40.72004048075178,Transfer School,Chinatown,39.8,21.6,8995.074626865671,358003.97014925367,194293.61194029852
M519,530.0,2829205.0,Talent Unlimited High School,-73.95977730844515,40.76563833390985,General Academic,Lenox Hill-Roosevelt Island,94.0,21.4,5338.122641509434,501783.5283018868,114235.82452830189
M520,1466.0,5982206.0,Murry Bergtraum High School for Business Careers,-74.00164842829555,40.71131297639915,General Academic,Chinatown,45.5,1.0,4080.631650750341,185668.74010914052,4080.631650750341
M522,435.5,2517120.0,Broome Street Academy Charter School,-74.00469006920437,40.723903106760524,General Academic,SoHo-TriBeCa-Civic Center-Little Italy,34.6,2.6,5779.839265212399,199982.43857634903,15027.58208955224
M529,709.0,3755401.0,Jacqueline Kennedy Onassis High School,-73.98346094055641,40.757626773500405,General Academic,Midtown-Midtown South,62.8,2.7,5296.757404795487,332636.36502115655,14301.244992947815
M531,236.0,1419635.0,Repertory Company High School for Theatre Arts,-73.98438174182735,40.756089844820096,General Academic,Midtown-Midtown South,100.0,12.3,6015.402542372882,601540.2542372881,73989.45127118645
M533,223.0,2236189.0,Union Square Academy for Health Sciences,-73.98706400797131,40.735361830024786,General Academic,Gramercy,66.30000000000001,2.1500000000000004,10027.7533632287,664840.0479820629,21559.669730941707
M534,232.0,2157429.0,Harvest Collegiate High School,-73.99573123549789,40.73641646267875,General Academic,West Village,66.30000000000001,2.1500000000000004,9299.262931034482,616541.1323275863,19993.41530172414
M539,1725.0,7267292.0,"New Explorations into Science, Technology and Math",-73.979581534691,40.71941645628537,General Academic,Lower East Side,97.5,74.6,4212.922898550724,410759.98260869563,314284.048231884
M540,1360.0,6807564.0,A. Philip Randolph Campus High School,-73.94992917804964,40.81850073330597,General Academic,Manhattanville,75.0,9.8,5005.5617647058825,375417.1323529412,49054.505294117655
M541,460.0,2618451.0,Manhattan / Hunter Science High School,-73.98560851538744,40.77489148390452,General Academic,Lincoln Square,99.1,16.8,5692.284782608695,564105.4219565217,95630.38434782608
M542,552.0,3042096.0,Manhattan Bridges High School,-73.99270058516923,40.76547494997161,General Academic,Clinton,91.8,42.6,5511.04347826087,505913.79130434786,234770.45217391307
M543,439.0,2731702.0,New Design High School,-73.98932934127876,40.71732901023731,General Academic,Chinatown,73.7,0.0,6222.555808656037,458602.36309794994,0.0
M544,435.5,2159494.0,Independence High School,-73.98861005207706,40.76784881917819,Transfer School,Clinton,8.3,0.8,4958.654420206659,41156.831687715276,3966.9235361653273
M545,410.0,2702063.0,High School for Dual Language and Asian Studies,-73.98932934127876,40.71732901023731,General Academic,Chinatown,92.8,80.4,6590.39756097561,611588.8936585366,529867.9639024391
M546,241.0,2301172.0,Academy for Software Engineering,-73.98706400797131,40.735361830024786,General Academic,Gramercy,66.30000000000001,2.1500000000000004,9548.43153526971,633061.0107883819,20529.12780082988
M550,435.5,2732975.0,Liberty High School Academy for Newcomers,-74.0002381752417,40.74182095806602,Transfer School,Hudson Yards-Chelsea-Flatiron-Union Square,40.7,0.0,6275.48794489093,255412.35935706086,0.0
M551,439.0,2843557.0,Urban Assembly New York Harbor School,-74.01894170739672,40.68949328305513,Career Technical,park-cemetery-etc-Manhattan,76.9,9.6,6477.350797266515,498108.27630979504,62182.56765375854
M552,491.0,2968497.0,Gregorio Luperon High School for Science and Mathe,-73.93858453522533,40.83830934565462,General Academic,Washington Heights South,68.8,9.7,6045.818737270875,415952.3291242362,58644.44175152748
M555,479.0,2520405.0,Central Park East High School,-73.948488812794,40.793649361071694,General Academic,East Harlem South,96.9,27.1,5261.805845511482,509868.9864300627,142594.93841336117
M560,435.5,4223100.0,High School M560 - City As School,-74.00615528947367,40.72905220135397,Transfer School,West Village,35.7,0.0,9697.129735935707,346187.5315729048,0.0
M565,435.5,1346457.0,Urban Academy Laboratory High School,-73.95977730844515,40.76563833390985,Transfer School,Lenox Hill-Roosevelt Island,43.8,0.0,3091.7497129735934,135418.63742824338,0.0
M570,435.5,1705891.0,Satellite Academy High School,-73.99056241433883,40.747425350720675,Transfer School,Midtown-Midtown South,29.6,0.0,3917.086107921929,115945.7487944891,0.0
M575,435.5,5164343.0,Manhattan Comprehensive Night and Day High School,-73.98433310098058,40.7326990795894,Transfer School,Gramercy,22.2,1.3,11858.422502870264,263256.9795637198,15415.949253731344
M580,593.0,3621219.0,Richard R. Green High School of Teaching,-74.01330172836009,40.70567996533229,General Academic,Battery Park City-Lower Manhattan,61.5,0.8,6106.608768971332,375556.4392917369,4885.287015177066
M586,435.5,763007.0,Harvey Milk High School,-73.99234370241156,40.72966144708587,Transfer School,West Village,25.8,0.0,1752.0252583237657,45202.25166475316,0.0
M600,1732.0,9239983.0,The High School of Fashion Industries,-73.99635498608254,40.745677274558,Career Technical,Hudson Yards-Chelsea-Flatiron-Union Square,81.7,19.4,5334.863163972286,435858.3204965358,103496.34538106235
M605,210.0,1601704.0,Humanities Preparatory Academy,-74.0025405964067,40.74340739611675,Transfer School,Hudson Yards-Chelsea-Flatiron-Union Square,71.1,0.0,7627.161904761905,542291.2114285714,0.0
M615,443.0,2681001.0,Chelsea Career and Technical Education High School,-74.00505811445406,40.72463045192864,Career Technical,SoHo-TriBeCa-Civic Center-Little Italy,85.6,14.4,6051.920993227991,518044.43702031596,87147.66230248308
M625,435.5,2336043.0,High School of Graphic Communication Arts,-73.99031825140895,40.76365501054409,Career Technical,Clinton,41.3,0.0,5364.04822043628,221535.19150401835,0.0
M630,1438.0,8383098.0,Art and Design High School,-73.96649149961847,40.75930012622182,Career Technical,Turtle Bay-East Midtown,79.2,16.0,5829.692628650904,461711.65618915163,93275.08205841447
M645,435.5,2517120.0,School for Cooperative Technical Education,-73.94564710483688,40.784112856179284,Alternative,East Harlem South,66.30000000000001,2.1500000000000004,5779.839265212399,383203.34328358213,12426.654420206662
M650,435.5,1350549.0,Cascades High School,-73.99046854907381,40.72241514894943,Transfer School,Chinatown,26.6,0.0,3101.145809414466,82490.47853042479,0.0
M680,351.0,2150012.0,"Heritage School, The",-73.94687941536988,40.79196611074649,General Academic,East Harlem South,59.3,2.5,6125.390313390313,363235.64558404556,15313.475783475784
M685,435.5,973009.0,Bread & Roses Integrated Arts High School,-73.94715188772422,40.817228688678604,General Academic,Central Harlem North-Polo Grounds,34.9,0.0,2234.2342135476465,77974.77405281286,0.0
M692,456.0,3286065.0,"High School for Mathematics, Science and Engineeri",-73.95035422349405,40.8202081321912,General Academic,Manhattanville,97.9,88.4,7206.2828947368425,705495.095394737,637035.407894737
M696,560.0,2945294.0,Bard High School Early College,-73.97609348831934,40.718276709591656,General Academic,Lower East Side,96.1,0.0,5259.453571428571,505433.48821428564,0.0
M707,435.5,2517120.0,John V. Lindsay Wildcat Academy Charter School,-74.01583726250252,40.70560553576339,Transfer School,Battery Park City-Lower Manhattan,7.6,0.0,5779.839265212399,43926.77841561423,0.0
M721,435.5,2517120.0,P.S. M721 - Manhattan Occupational Training Center,-74.00615528947367,40.72905220135397,Special Education,West Village,66.30000000000001,2.1500000000000004,5779.839265212399,383203.34328358213,12426.654420206662
M726,435.5,2517120.0,KIPP STAR College Prep Charter School,-73.95572213108923,40.81079318258024,General Academic,Morningside Heights,81.6,34.2,5779.839265212399,471634.88404133177,197670.50287026408
M751,435.5,2517120.0,Manhattan School for Career Development,-73.98779102459913,40.725892504044864,Special Education,East Village,66.30000000000001,2.1500000000000004,5779.839265212399,383203.34328358213,12426.654420206662
Q004,435.5,2517120.0,P.S. Q004,-73.77811827379855,40.74170054589317,Special Education,Fresh Meadows-Utopia,66.30000000000001,2.1500000000000004,5779.839265212399,383203.34328358213,12426.654420206662
Q009,435.5,2517120.0,P.S. 009,-73.91245827000787,40.71823493019577,Special Education,Maspeth,66.30000000000001,2.1500000000000004,5779.839265212399,383203.34328358213,12426.654420206662
Q023,435.5,2517120.0,P.S. Q023 @ Queens Children Center,-73.72364407092809,40.747914884008644,Special Education,Bellerose,66.30000000000001,2.1500000000000004,5779.839265212399,383203.34328358213,12426.654420206662
Q075,435.5,2517120.0,Robert E. Peary School,-73.90488887710426,40.69869992334074,Special Education,Ridgewood,66.30000000000001,2.1500000000000004,5779.839265212399,383203.34328358213,12426.654420206662
Q177,435.5,2517120.0,P.S. Q177,-73.78741973920016,40.74340062720069,Special Education,Auburndale,66.30000000000001,2.1500000000000004,5779.839265212399,383203.34328358213,12426.654420206662
Q233,435.5,2517120.0,P.S. Q233,-73.85554326311141,40.70843092338625,Special Education,Forest Hills,66.30000000000001,2.1500000000000004,5779.839265212399,383203.34328358213,12426.654420206662
Q236,50.0,1000724.0,International High School for Health Sciences,-73.87412983278175,40.74082444931987,General Academic,Elmhurst,66.30000000000001,2.1500000000000004,20014.48,1326960.0240000002,43031.132000000005
Q240,124.0,1593579.0,Veritas Academy,-73.82681177556493,40.764892127738975,General Academic,Flushing,66.30000000000001,2.1500000000000004,12851.443548387097,852050.7072580646,27630.603629032263
Q241,70.0,1075562.0,Queens High School for Language Studies,-73.82681177556493,40.764892127738975,General Academic,Flushing,66.30000000000001,2.1500000000000004,15365.171428571428,1018710.8657142859,33035.118571428575
Q243,82.0,1300587.0,Institute for Health Professions at Cambria Height,-73.74633003535914,40.69878630479974,General Academic,Cambria Heights,66.30000000000001,2.1500000000000004,15860.817073170732,1051572.1719512197,34100.75670731708
Q248,465.0,2513688.0,Queens Preparatory Academy,-73.75774422782506,40.66903000731176,General Academic,Springfield Gardens North,75.4,0.0,5405.7806451612905,407595.86064516136,0.0
Q255,435.5,2517120.0,P.S. Q255,-73.80938016972459,40.72419555168421,Special Education,Kew Gardens Hills,66.30000000000001,2.1500000000000004,5779.839265212399,383203.34328358213,12426.654420206662
Q258,119.0,1555135.0,Energy Tech High School,-73.93262849822806,40.75647193549368,Career Technical,Queensbridge-Ravenswood-Long Island City,66.30000000000001,2.1500000000000004,13068.361344537816,866432.3571428574,28096.97689075631
Q260,412.0,2028551.0,Frederick Douglass Academy VI High School,-73.7639958309203,40.60153746031321,General Academic,Far Rockaway-Bayswater,39.8,0.0,4923.667475728155,195961.96553398058,0.0
Q261,435.5,1532697.0,Voyages Prep - South Queens,-73.7826841608836,40.67394906965331,Transfer School,Springfield Gardens North,13.0,0.0,3519.3960964408725,45752.149253731346,0.0
Q263,412.0,2467988.0,Flushing International High School,-73.81839953707423,40.759963330270885,General Academic,Murray Hill,66.7,0.0,5990.26213592233,399550.48446601944,0.0
Q264,467.0,2376590.0,Academy of Finance and  Enterprise,-73.93700402586948,40.7441751944655,General Academic,Hunters Point-Sunnyside-West Maspeth,92.7,60.2,5089.057815845825,471755.65952890797,306361.28051391867
Q265,480.0,2720306.0,Excelsior Preparatory High School,-73.75774422782506,40.66903000731176,General Academic,Springfield Gardens North,69.8,11.3,5667.304166666667,395577.8308333333,64040.537083333336
Q267,421.0,2260526.0,High School of Applied Communication,-73.93700402586948,40.7441751944655,General Academic,Hunters Point-Sunnyside-West Maspeth,82.2,24.8,5369.420427553444,441366.3591448931,133161.62660332542
Q272,498.0,2534923.0,George Washington Carver High School for the Scien,-73.75774422782506,40.66903000731176,General Academic,Springfield Gardens North,69.3,16.1,5090.206827309237,352751.33313253016,81952.32991967873
Q293,453.0,2611330.0,Civic Leadership Academy,-73.87150530474914,40.743228700042536,General Academic,Elmhurst,86.0,24.8,5764.525386313466,495749.18322295806,142960.22958057394
Q296,367.0,2513835.0,Pan American International High School,-73.87150530474914,40.743228700042536,General Academic,Elmhurst,66.7,0.0,6849.6866485013625,456874.0994550409,0.0
Q299,600.0,3322438.0,Bard High School Early College Queens,-73.93700402586948,40.7441751944655,General Academic,Hunters Point-Sunnyside-West Maspeth,96.5,0.0,5537.3966666666665,534358.7783333333,0.0
Q301,470.0,2944456.0,Academy for Careers in Television and Film,-73.95918111918138,40.74295554114753,Career Technical,Hunters Point-Sunnyside-West Maspeth,98.0,20.0,6264.8,613950.4,125296.0
Q302,322.0,2136890.0,"Queens High School for Information, Research, and",-73.7639958309203,40.60153746031321,General Academic,Far Rockaway-Bayswater,50.6,2.4,6636.304347826087,335797.0,15927.130434782608
Q308,598.0,2945058.0,Robert H. Goddard High School of Communication Art,-73.84599228768488,40.670905713562966,General Academic,Ozone Park,91.2,20.4,4924.846153846154,449145.96923076926,100466.86153846154
Q310,647.0,3963862.0,Queens Collegiate: A College Board School,-73.79865815071409,40.714551405057556,General Academic,Briarwood-Jamaica Hills,72.8,15.5,6126.525502318393,446011.056568779,94961.14528593508
Q313,435.5,915539.0,Benjamin Franklin High School for Finance & Inform,-73.74633003535914,40.69878630479974,General Academic,Cambria Heights,66.30000000000001,2.1500000000000004,2102.2709529276694,139380.56417910452,4519.88254879449
Q314,435.5,695016.0,Epic High School - South,-73.81673093820822,40.67502116551469,General Academic,South Ozone Park,66.30000000000001,2.1500000000000004,1595.9035591274396,105808.40597014927,3431.1926521239957
Q315,435.5,904369.0,Business Technology Early College High School,-73.73972671955778,40.73388818146922,General Academic,Bellerose,66.30000000000001,2.1500000000000004,2076.6222732491387,137680.05671641792,4464.7378874856495
Q324,354.0,2397482.0,Rockaway Park High School for Environmental Sustai,-73.82531710676034,40.58601261943981,General Academic,Breezy Point-Belle Harbor-Rockaway Park-Broad Channel,52.8,1.1,6772.54802259887,357590.5355932203,7449.802824858758
Q325,420.0,2683392.0,Hillside Arts & Letters Academy,-73.79865815071409,40.714551405057556,General Academic,Briarwood-Jamaica Hills,76.0,10.0,6389.028571428571,485566.1714285714,63890.28571428571
Q326,336.0,2160626.0,Cambria Heights Academy,-73.77079116521938,40.71168864909536,General Academic,Jamaica,71.6,3.7,6430.434523809524,460419.11190476187,23792.60773809524
Q328,357.0,2550765.0,High School for Community Leadership,-73.79865815071409,40.714551405057556,General Academic,Briarwood-Jamaica Hills,79.3,12.6,7145.0,566598.5,90027.0
Q334,435.5,695016.0,Epic High School - North,-73.82940736531533,40.69300522519155,General Academic,Richmond Hill,66.30000000000001,2.1500000000000004,1595.9035591274396,105808.40597014927,3431.1926521239957
Q337,435.5,2517120.0,Success Academy Charter School - Rosedale - New Yo,-73.73822670923789,40.65555149877033,General Academic,Rosedale,66.30000000000001,2.1500000000000004,5779.839265212399,383203.34328358213,12426.654420206662
Q338,435.5,1609165.0,Queens Satellite High School for Opportunity,-73.79953215853894,40.708204278581015,Transfer School,Jamaica,2.3,0.0,3694.982778415614,8498.460390355911,0.0
Q339,435.5,2517120.0,Success Academy Charter School - Springfield Garde,-73.7527724468886,40.68188149592902,General Academic,St. Albans,66.30000000000001,2.1500000000000004,5779.839265212399,383203.34328358213,12426.654420206662
Q350,396.0,2846738.0,Jamaica Gateway to the Sciences,-73.79865815071409,40.714551405057556,General Academic,Briarwood-Jamaica Hills,89.3,34.4,7188.732323232323,641953.7964646465,247292.3919191919
Q351,312.0,2599516.0,Rockaway Collegiate High School,-73.82531710676034,40.58601261943981,General Academic,Breezy Point-Belle Harbor-Rockaway Park-Broad Channel,49.0,3.1,8331.78205128205,408257.3205128205,25828.52435897436
Q400,853.0,4175892.0,August Martin High School,-73.7826841608836,40.67394906965331,General Academic,Springfield Gardens North,24.1,0.0,4895.535756154748,117982.41172332944,0.0
Q415,3628.0,16083421.0,Benjamin N. Cardozo High School,-73.75727160753834,40.75234384505421,General Academic,Oakland Gardens,88.5,40.7,4433.136990077178,392332.62362183025,180428.67549614116
Q425,3722.0,17608442.0,John Bowne High School,-73.82384115542824,40.73744833074408,General Academic,Kew Gardens Hills,67.8,15.2,4730.908651262762,320755.60655561526,71909.81149919398
Q430,4058.0,19521399.0,Francis Lewis High School,-73.79504931701375,40.74087555540617,General Academic,Auburndale,80.4,49.2,4810.596106456383,386771.9269590932,236681.32843765404
Q435,2096.0,9344112.0,Martin Van Buren High School,-73.73972671955778,40.73388818146922,General Academic,Bellerose,52.9,2.9,4458.0687022900765,235831.83435114505,12928.399236641222
Q440,3800.0,17502046.0,Forest Hills High School,-73.84397225509414,40.73001711174872,General Academic,Forest Hills,85.0,39.5,4605.801578947368,391493.1342105263,181929.16236842106
Q445,2627.0,12042372.0,William Cullen Bryant High School,-73.91116554551343,40.75707220675578,General Academic,Astoria,67.4,12.7,4584.077655119909,308966.8339550819,58217.78622002284
Q450,2522.0,10768639.0,Long Island City High School,-73.93390775701167,40.76588165899681,General Academic,Astoria,62.0,6.8,4269.880650277558,264732.60031720856,29035.188421887393
Q455,2074.0,9969238.0,Newtown High School,-73.87412983278175,40.74082444931987,General Academic,Elmhurst,56.7,5.7,4806.76856316297,272543.7775313404,27398.580810028932
Q460,2499.0,11112470.0,Flushing High School,-73.82681177556493,40.764892127738975,General Academic,Flushing,55.9,7.0,4446.766706682673,248574.25890356145,31127.366946778715
Q475,2225.0,10197828.0,Richmond Hill High School,-73.83381580749814,40.69517181208516,General Academic,Richmond Hill,51.9,2.1,4583.293483146067,237872.9317752809,9624.91631460674
Q480,2838.0,13096195.0,John Adams High School,-73.83861615842154,40.68006591086817,General Academic,South Ozone Park,59.1,6.0,4614.585976039464,272722.0311839323,27687.515856236787
Q485,1869.0,9298953.0,Grover Cleveland High School,-73.90920219233124,40.711881028096066,General Academic,Ridgewood,60.8,9.0,4975.362760834671,302502.055858748,44778.26484751204
Q492,416.0,2483512.0,"Mathematics, Science Research and Technology Magne",-73.74633003535914,40.69878630479974,General Academic,Cambria Heights,64.4,0.0,5969.9807692307695,384466.7615384616,0.0
Q494,435.5,1013167.0,"Law, Government and Community Service High School",-73.74633003535914,40.69878630479974,General Academic,Cambria Heights,63.9,2.8,2326.4454649827785,148659.86521239954,6514.047301951779
Q495,3241.0,15472181.0,Bayside High School,-73.7810411718373,40.771398884649315,General Academic,Bayside-Bayside Hills,89.4,34.9,4773.891082999075,426785.86282011727,166608.7987966677
Q496,435.5,894351.0,"Business, Computer Applications & Entrepreneurship",-73.74633003535914,40.69878630479974,General Academic,Cambria Heights,53.1,4.7,2053.6188289322617,109047.1598163031,9652.00849598163
Q498,513.0,3088868.0,Humanities & Arts Magnet High School,-73.74633003535914,40.69878630479974,General Academic,Cambria Heights,70.7,7.3,6021.185185185185,425697.7925925926,43954.65185185185
Q501,756.0,4468346.0,Frank Sinatra School of the Arts High School,-73.9251824959122,40.75609954411044,General Academic,Astoria,94.8,57.6,5910.510582010582,560316.4031746031,340445.4095238095
Q502,920.0,4813867.0,Information Technology High School,-73.9464882009378,40.74850297211552,General Academic,Hunters Point-Sunnyside-West Maspeth,73.3,6.5,5232.464130434782,383539.6207608695,34011.01684782609
Q505,3231.0,15373532.0,Hillcrest High School,-73.803001891619,40.70946188404481,General Academic,Briarwood-Jamaica Hills,68.5,14.0,4758.134323738781,325932.2011761065,66613.88053234294
Q520,495.0,2634963.0,Middle College High School at LaGuardia Community,-73.93331670940242,40.743253627055644,General Academic,Hunters Point-Sunnyside-West Maspeth,66.4,0.0,5323.157575757576,353457.663030303,0.0
Q525,1151.0,5912278.0,Townsend Harris High School,-73.82153282174889,40.73703855242088,General Academic,Kew Gardens Hills,100.0,99.0,5136.644656820156,513664.46568201564,508527.8210251955
Q530,503.0,2981470.0,International High School at LaGuardia Community C,-73.93331670940242,40.743253627055644,General Academic,Hunters Point-Sunnyside-West Maspeth,80.8,0.0,5927.375745526839,478931.96023856854,0.0
Q540,435.5,2407279.0,Queens Academy High School,-73.82827914641985,40.76562442685881,Transfer School,Flushing,10.8,0.6,5527.621125143513,59698.30815154995,3316.572675086108
Q550,887.0,4526802.0,High School for Arts and Business,-73.85341219507433,40.737673666327844,General Academic,Corona,90.4,20.4,5103.49718151071,461356.1452085682,104111.34250281847
Q555,929.0,5321215.0,Newcomers High School,-73.93659254206936,40.75183830837062,General Academic,Queensbridge-Ravenswood-Long Island City,71.2,19.7,5727.895586652315,407826.16576964484,112839.5430570506
Q566,1164.0,5677498.0,"Queens High School of Teaching, Liberal Arts and t",-73.72883460084655,40.74419708878271,General Academic,Bellerose,89.8,7.3,4877.57560137457,438006.2890034364,35606.30189003436
Q575,810.0,4034890.0,Academy of American Studies,-73.93756408319747,40.75114441788847,General Academic,Queensbridge-Ravenswood-Long Island City,88.1,34.5,4981.3456790123455,438856.5543209876,171856.42592592593
Q585,751.0,5135325.0,Maspeth High School,-73.88790938968324,40.72910485416116,General Academic,Maspeth,97.0,30.0,6837.982689747004,663284.3209054593,205139.4806924101
Q600,1514.0,7962995.0,Queens Vocational and Technical High School,-73.9279954614744,40.741658467303175,Career Technical,Hunters Point-Sunnyside-West Maspeth,74.2,10.3,5259.573976221929,390260.3890356672,54173.61195508587
Q610,2231.0,11594742.0,Aviation Career & Technical Education High School,-73.92957793973764,40.74330904145331,Career Technical,Hunters Point-Sunnyside-West Maspeth,85.4,45.6,5197.105333930973,443832.7955177051,236988.00322725237
Q620,2168.0,11068408.0,Thomas A. Edison Career and Technical Education Hi,-73.79969247144427,40.7160710660836,Career Technical,Briarwood-Jamaica Hills,85.8,45.3,5105.354243542435,438039.3940959409,231272.5472324723
Q650,946.0,5407852.0,"High School for Construction Trades, Engineering a",-73.84147519874422,40.68917705258219,Career Technical,Richmond Hill,94.4,39.9,5716.545454545455,539641.890909091,228090.16363636364
Q670,685.0,3887614.0,Robert F. Kennedy Community High School,-73.81140827435588,40.72528032837453,General Academic,Kew Gardens Hills,84.8,17.7,5675.348905109489,481269.5871532847,100453.67562043796
Q686,1139.0,6143386.0,QUEENS METROPOLITAN HIGH SCHOOL,-73.85554326311141,40.70843092338625,General Academic,Forest Hills,91.0,20.3,5393.666374012291,490823.6400351185,109491.42739244952
Q687,419.0,2634998.0,Queens High School for the Sciences at York Colleg,-73.79836402061633,40.70088467620802,General Academic,Jamaica,97.9,95.9,6288.778042959427,615671.3704057279,603093.8143198091
Q690,565.0,3123933.0,High School for Law Enforcement and Public Safety,-73.78343866785951,40.68583814153346,General Academic,Baisley Park,74.1,7.4,5529.084955752212,409705.1952212389,40915.22867256637
Q705,435.5,2517120.0,Renaissance Charter School,-73.88481738457435,40.749934486494425,General Academic,Jackson Heights,72.5,5.9,5779.839265212399,419038.3467278989,34101.051664753155
Q721,435.5,2517120.0,John F. Kennedy Jr. School,-73.86788273969485,40.735613396092596,Special Education,Elmhurst,66.30000000000001,2.1500000000000004,5779.839265212399,383203.34328358213,12426.654420206662
Q744,435.5,1473868.0,VOYAGES Preparatory,-73.87150530474914,40.743228700042536,Transfer School,Elmhurst,13.0,0.0,3384.312284730195,43996.05970149254,0.0
Q752,435.5,2517120.0,Queens Transition Center,-73.8008756648733,40.68347344425695,Special Education,Baisley Park,66.30000000000001,2.1500000000000004,5779.839265212399,383203.34328358213,12426.654420206662
Q792,435.5,1451357.0,North Queens Community High School,-73.81966486374564,40.72058628595552,Transfer School,Kew Gardens Hills,13.4,0.0,3332.6222732491387,44657.13846153846,0.0
Q811,435.5,2517120.0,P.S. Q811,-73.72841281025113,40.75648164398081,Special Education,Douglas Manor-Douglaston-Little Neck,66.30000000000001,2.1500000000000004,5779.839265212399,383203.34328358213,12426.654420206662
Q993,435.5,2517120.0,P.S. Q993,-73.70861787557624,40.7342665547681,Special Education,Glen Oaks-Floral Park-New Hyde Park,66.30000000000001,2.1500000000000004,5779.839265212399,383203.34328358213,12426.654420206662
R025,435.5,2517120.0,South Richmond High School I.S./P.S. 25,-74.2186883466404,40.512019331660696,Special Education,Annadale-Huguenot-Prince's Bay-Eltingville,66.30000000000001,2.1500000000000004,5779.839265212399,383203.34328358213,12426.654420206662
R037,435.5,2517120.0,P.S. R037,-74.15136807345276,40.56410096065301,Special Education,Great Kills,66.30000000000001,2.1500000000000004,5779.839265212399,383203.34328358213,12426.654420206662
R047,527.0,2817034.0,CSI High School for International Studies,-74.159343131367,40.581958879632744,General Academic,Todt Hill-Emerson Hill-Heartland Village-Lighthouse Hill,95.8,16.7,5345.415559772296,512090.8106261859,89268.43984819733
R064,467.0,2634227.0,Gaynor McCown Expeditionary Learning School,-74.159343131367,40.581958879632744,General Academic,Todt Hill-Emerson Hill-Heartland Village-Lighthouse Hill,80.2,5.4,5640.7430406852245,452387.591862955,30460.012419700215
R080,1272.0,6070417.0,The Michael J. Petrides School,-74.10588302431997,40.607637810571,General Academic,Todt Hill-Emerson Hill-Heartland Village-Lighthouse Hill,81.7,20.8,4772.340408805031,389900.21139937104,99264.68050314466
R440,2734.0,13513931.0,New Dorp High School,-74.10587879755133,40.57090961665319,General Academic,New Dorp-Midland Beach,76.1,17.0,4942.915508412582,376155.8701901975,84029.5636430139
R445,1794.0,8864566.0,Port Richmond High School,-74.14192463800087,40.635562928068964,General Academic,Port Richmond,61.0,7.3,4941.229654403567,301415.0089186176,36070.97647714604
R450,2396.0,12388134.0,Curtis High School,-74.08214906481943,40.64543652919961,General Academic,West New Brighton-New Brighton-St. George,75.6,14.7,5170.3397328881465,390877.6838063438,76003.99407345575
R455,3957.0,18603920.0,Tottenville High School,-74.1934313028569,40.528152084907006,General Academic,Annadale-Huguenot-Prince's Bay-Eltingville,86.4,29.4,4701.521354561536,406211.44503411674,138224.72782410914
R460,3461.0,16008989.0,Susan E. Wagner High School,-74.13081903968263,40.58898591505058,General Academic,Todt Hill-Emerson Hill-Heartland Village-Lighthouse Hill,76.5,27.4,4625.538572666859,353853.7008090147,126739.75689107194
R470,435.5,1420326.0,Concord High School,-74.08707286306135,40.610620724550195,Transfer School,Grymes Hill-Clifton-Fox Hills,21.7,0.0,3261.368541905855,70771.69735935706,0.0
R600,632.0,4008279.0,Ralph R. McKee Career and Technical Education High,-74.07926315310704,40.64282002879239,Career Technical,West New Brighton-New Brighton-St. George,59.4,2.8,6342.213607594937,376727.48829113925,17758.19810126582
R605,1235.0,6613209.0,Staten Island Technical High School,-74.11708661867935,40.568299406820046,General Academic,New Dorp-Midland Beach,99.0,98.0,5354.825101214575,530127.6850202429,524772.8599190284
X010,435.5,2517120.0,P.S. X010,-73.82921177581069,40.82708039873294,Special Education,Schuylerville-Throgs Neck-Edgewater Park,66.30000000000001,2.1500000000000004,5779.839265212399,383203.34328358213,12426.654420206662
X012,435.5,2517120.0,P.S. X012 Lewis and Clark School,-73.84468502672641,40.84062549245887,Special Education,Van Nest-Morris Park-Westchester Square,66.30000000000001,2.1500000000000004,5779.839265212399,383203.34328358213,12426.654420206662
X168,435.5,2517120.0,P.S. 168,-73.92599562839361,40.813681850104544,Special Education,Mott Haven-Port Morris,66.30000000000001,2.1500000000000004,5779.839265212399,383203.34328358213,12426.654420206662
X176,435.5,2517120.0,P.S. X176,-73.83166930594669,40.874035001702964,Special Education,Co-op City,66.30000000000001,2.1500000000000004,5779.839265212399,383203.34328358213,12426.654420206662
X185,435.5,2517120.0,Bronx Lighthouse Charter School,-73.89739429514674,40.82322804052004,General Academic,Longwood,72.5,41.2,5779.839265212399,419038.3467278989,238129.37772675088
X186,435.5,2517120.0,P186X Walter J. Damrosch School,-73.89779727200604,40.83138844085297,Special Education,Morrisania-Melrose,66.30000000000001,2.1500000000000004,5779.839265212399,383203.34328358213,12426.654420206662
X188,435.5,2517120.0,P.S. X188,-73.88387752125671,40.8501683005825,Special Education,Belmont,66.30000000000001,2.1500000000000004,5779.839265212399,383203.34328358213,12426.654420206662
X200,435.5,2517120.0,ROADS Charter School II,-73.89826521848029,40.82312451288156,Transfer School,Longwood,6.3,0.0,5779.839265212399,36412.98737083811,0.0
X202,435.5,2517120.0,New Visions Charter High School for Advanced Math,-73.90289206632193,40.821723206162616,General Academic,Morrisania-Melrose,66.30000000000001,2.1500000000000004,5779.839265212399,383203.34328358213,12426.654420206662
X208,435.5,2517120.0,New Visions Charter High School for the Humanities,-73.90752851638509,40.81067128011219,General Academic,Mott Haven-Port Morris,0.0,0.0,5779.839265212399,0.0,0.0
X213,420.0,2616486.0,Bronx Engineering and Technology Academy,-73.91268628037135,40.87737994424815,General Academic,Marble Hill-Inwood,67.4,7.6,6229.728571428572,419883.7057142858,47345.93714285714
X227,356.0,2545439.0,Bronx Collegiate Academy,-73.91136654119627,40.83930718418132,General Academic,East Concourse-Concourse Village,50.0,3.0,7150.109550561798,357505.4775280899,21450.32865168539
X237,573.0,3275482.0,"The Marie Curie School for Medicine, Nursing, and",-73.90156581407389,40.87563634915336,General Academic,Van Cortlandt Village,66.7,5.1,5716.373472949389,381282.1106457243,29153.504712041882
X248,313.0,2056768.0,"Metropolitan High School, The",-73.89692513559191,40.8275395733273,General Academic,Longwood,59.8,3.4,6571.143769968051,392954.3974440894,22341.888817891373
X249,345.0,1748091.0,Bronx Health Sciences High School,-73.83166930594669,40.874035001702964,General Academic,Co-op City,96.5,18.8,5066.930434782608,488958.7869565217,95258.29217391304
X251,357.0,2295978.0,Explorations Academy,-73.89059104115101,40.83624546253529,General Academic,Crotona Park East,55.4,0.0,6431.310924369748,356294.625210084,0.0
X252,379.0,2379591.0,Mott Hall Bronx High School,-73.90177467308052,40.83950801250634,General Academic,Claremont-Bathgate,78.9,3.3,6278.604221635884,495381.8730870713,20719.393931398416
X253,413.0,2303097.0,Bronx High School for Writing and Communication Ar,-73.8616499559306,40.875172716843394,General Academic,Williamsbridge-Olinville,51.8,0.0,5576.506053268765,288863.013559322,0.0
X259,126.0,1845656.0,"H.E.R.O. High (Health, Education, and Research Occ",-73.90752851638509,40.81067128011219,Career Technical,Mott Haven-Port Morris,66.30000000000001,2.1500000000000004,14648.063492063493,971166.6095238097,31493.336507936514
X260,461.0,2581817.0,Bronx Center for Science and Mathematics,-73.90279481391408,40.833884961687055,General Academic,Claremont-Bathgate,90.1,23.4,5600.470715835141,504602.4114967462,131051.0147505423
X263,374.0,2096627.0,Validus Preparatory Academy: An Expeditionary Lear,-73.90177467308052,40.83950801250634,General Academic,Claremont-Bathgate,55.7,0.0,5605.954545454545,312251.66818181815,0.0
X264,112.0,1715099.0,Bronx Academy for Software Engineering (BASE),-73.88248751510241,40.85539281183038,Career Technical,Belmont,66.30000000000001,2.1500000000000004,15313.38392857143,1015277.3544642859,32923.775446428575
X265,476.0,2496735.0,Bronx Lab School,-73.8616499559306,40.875172716843394,General Academic,Williamsbridge-Olinville,74.8,0.0,5245.241596638655,392344.0714285714,0.0
X268,443.0,2547373.0,Kingsbridge International High School,-73.89706686426071,40.869061623910014,General Academic,Van Cortlandt Village,56.2,15.1,5750.277652370203,323165.6040632054,86829.19255079006
X275,556.0,3561297.0,High School of Computers and Technology,-73.8616499559306,40.875172716843394,Career Technical,Williamsbridge-Olinville,73.8,15.1,6405.2104316546765,472704.5298561151,96718.67751798562
X276,227.0,1503095.0,Leadership Institute,-73.89794397722252,40.84175809389849,General Academic,Claremont-Bathgate,28.6,0.0,6621.563876651982,189376.7268722467,0.0
X278,189.0,1192747.0,Peace and Diversity Academy,-73.89692513559191,40.8275395733273,General Academic,Longwood,22.8,0.0,6310.830687830688,143886.93968253967,0.0
X282,395.0,2258502.0,Women's Academy of Excellence,-73.85607051781413,40.815043019941875,General Academic,Soundview-Castle Hill-Clason Point-Harding Park,57.0,5.4,5717.726582278481,325910.4151898734,30875.7235443038
X284,435.0,2663168.0,Bronx School of Law and Finance,-73.91268628037135,40.87737994424815,General Academic,Marble Hill-Inwood,57.3,5.1,6122.225287356322,350803.5089655172,31223.34896551724
X288,656.0,3614348.0,Collegiate Institute for Math and Science,-73.86072981043235,40.86044355548862,General Academic,Bronxdale,82.2,35.0,5509.676829268293,452895.43536585366,192838.68902439025
X290,461.0,2634190.0,Bronx Academy of Health Careers,-73.8616499559306,40.875172716843394,General Academic,Williamsbridge-Olinville,66.2,5.3,5714.07809110629,378271.96963123645,30284.613882863337
X293,454.0,2541274.0,Renaissance High School for Musical Theater & Tech,-73.83958399261853,40.839775883862245,General Academic,Schuylerville-Throgs Neck-Edgewater Park,72.1,1.6,5597.519823788546,403581.1792951541,8956.031718061675
X295,435.5,701929.0,Gateway School for Environmental Research and Tech,-73.8559307051322,40.82121847122302,General Academic,Soundview-Castle Hill-Clason Point-Harding Park,48.7,0.0,1611.7772675086107,78493.55292766934,0.0
X297,464.0,3011687.0,Morris Academy for Collaborative Studies,-73.90392073618277,40.827455038281585,General Academic,Morrisania-Melrose,64.3,2.1,6490.704741379311,417352.31487068965,13630.479956896554
X299,474.0,2529366.0,Astor Collegiate Academy,-73.86072981043235,40.86044355548862,General Academic,Bronxdale,66.9,7.3,5336.215189873417,356992.79620253167,38954.37088607594
X305,335.0,2411026.0,Pablo Neruda Academy,-73.8559307051322,40.82121847122302,General Academic,Soundview-Castle Hill-Clason Point-Harding Park,53.0,2.4,7197.092537313433,381445.90447761194,17273.02208955224
X312,496.0,2905123.0,Millennium Art Academy,-73.8559307051322,40.82121847122302,General Academic,Soundview-Castle Hill-Clason Point-Harding Park,60.5,7.0,5857.102822580645,354354.72076612903,40999.719758064515
X319,435.5,1764663.0,Providing Urban Learners Success In Education High,-73.89374460394545,40.848385517590685,Transfer School,East Tremont,11.1,0.0,4052.0390355912746,44977.63329506315,0.0
X320,95.0,1540838.0,Pelham Lab High School,-73.83958399261853,40.839775883862245,General Academic,Schuylerville-Throgs Neck-Edgewater Park,66.30000000000001,2.1500000000000004,16219.347368421053,1075342.730526316,34871.59684210527
X321,435.5,1064279.0,Crotona Academy High School,-73.91201408768593,40.81696294923816,Transfer School,Melrose South-Mott Haven North,11.4,0.0,2443.809414466131,27859.427324913893,0.0
X329,345.0,2132425.0,DreamYard Preparatory School,-73.91136654119627,40.83930718418132,General Academic,East Concourse-Concourse Village,58.6,0.0,6180.942028985507,362203.2028985507,0.0
X332,261.0,1521304.0,Holcombe L. Rucker School of Community Research,-73.8978760353451,40.817741773466466,General Academic,Longwood,59.5,0.0,5828.750957854406,346810.68199233717,0.0
X334,437.0,2752353.0,International Community High School,-73.91877451045382,40.81031470350727,General Academic,Mott Haven-Port Morris,52.7,2.2,6298.29061784897,331919.91556064074,13856.239359267736
X345,435.5,2517120.0,Hyde Leadership Charter School,-73.88528499012874,40.81582784182597,General Academic,Hunts Point,88.4,15.9,5779.839265212399,510937.79104477615,91899.44431687715
X347,435.5,2517120.0,International Leadership Charter High School,-73.90618688859267,40.87574175182525,General Academic,Spuyten Duyvil-Kingsbridge,93.3,0.0,5779.839265212399,539259.0034443168,0.0
X348,95.0,1277954.0,Schuylerville Preparatory High School,-73.83958399261853,40.839775883862245,General Academic,Schuylerville-Throgs Neck-Edgewater Park,66.30000000000001,2.1500000000000004,13452.147368421052,891877.3705263159,28922.116842105268
X349,101.0,1367210.0,Bronx River High School,-73.83958399261853,40.839775883862245,General Academic,Schuylerville-Throgs Neck-Edgewater Park,66.30000000000001,2.1500000000000004,13536.732673267326,897485.3762376239,29103.975247524755
X351,90.0,1438532.0,Bronx Collaborative High School,-73.88901114459546,40.87995882758119,General Academic,Van Cortlandt Village,66.30000000000001,2.1500000000000004,15983.68888888889,1059718.5733333335,34364.93111111112
X353,71.0,1059070.0,World View High School,-73.88901114459546,40.87995882758119,General Academic,Van Cortlandt Village,66.30000000000001,2.1500000000000004,14916.478873239437,988962.5492957749,32070.429577464794
X365,301.0,2009700.0,Academy for Language and Technology,-73.91521703022124,40.849416093975506,General Academic,University Heights-Morris Heights,92.9,2.9,6676.7441860465115,620269.5348837209,19362.55813953488
X374,467.0,2727616.0,Knowledge and Power Preparatory Academy Internatio,-73.88862599113037,40.859466550562466,General Academic,Belmont,80.0,7.8,5840.719486081371,467257.5588865096,45557.61199143469
X377,435.5,1346409.0,Bronx Community High School,-73.8559307051322,40.82121847122302,Transfer School,Soundview-Castle Hill-Clason Point-Harding Park,17.3,0.0,3091.6394948335246,53485.363260619975,0.0
X379,435.5,1384949.0,Jill Chaifetz Transfer High School,-73.90538936502954,40.81870334596813,Transfer School,Melrose South-Mott Haven North,19.5,0.0,3180.1354764638345,62012.64179104477,0.0
X381,435.5,1428269.0,Bronx Haven High School,-73.91994936765848,40.81864575558572,Transfer School,Melrose South-Mott Haven North,11.5,0.0,3279.6073478760045,37715.48450057405,0.0
X388,401.0,2641776.0,Pan American International High School at Monroe,-73.878191568186,40.83250845658673,General Academic,West Farms-Bronx River,80.9,0.0,6587.970074812967,532966.7790523691,0.0
X393,435.5,2517120.0,University Prep Charter High School,-73.91203854694886,40.81485776666893,General Academic,Melrose South-Mott Haven North,97.6,24.7,5779.839265212399,564112.3122847301,142762.02985074627
X395,435.5,2517120.0,"NYC Charter High School for Architecture, Engineer",-73.91042171899662,40.8216826411834,General Academic,Melrose South-Mott Haven North,87.5,1.0,5779.839265212399,505735.93570608494,5779.839265212399
X397,435.5,2327822.0,English Language Learners and International Suppor,-73.91268628037135,40.87737994424815,Transfer School,Marble Hill-Inwood,20.7,0.0,5345.171067738232,110645.04110218139,0.0
X403,414.0,2590597.0,Bronx International High School,-73.90392073618277,40.827455038281585,General Academic,Morrisania-Melrose,70.4,0.0,6257.480676328502,440526.6396135266,0.0
X404,396.0,2587082.0,School for Excellence,-73.90392073618277,40.827455038281585,General Academic,Morrisania-Melrose,53.6,0.0,6533.035353535353,350170.69494949497,0.0
X405,2059.0,8210206.0,Herbert H. Lehman High School,-73.83958399261853,40.839775883862245,General Academic,Schuylerville-Throgs Neck-Edgewater Park,34.5,3.4,3987.4725594949005,137567.80330257406,13557.406702282662
X412,359.0,2982818.0,Bronx High School of Business,-73.91136654119627,40.83930718418132,General Academic,East Concourse-Concourse Village,37.8,1.1,8308.685236768802,314068.3019498607,9139.553760445684
X414,435.5,1854114.0,Jonathan Levin High School for Media and Communica,-73.91136654119627,40.83930718418132,General Academic,East Concourse-Concourse Village,41.2,1.2,4257.437428243398,175406.42204362803,5108.924913892078
X418,509.0,2949054.0,Bronx High School for the Visual Arts,-73.8644389584367,40.85157708809156,General Academic,Pelham Parkway,49.6,1.7,5793.819253438114,287373.43497053045,9849.492730844793
X427,335.0,2098426.0,Community School for Social Justice,-73.9299601408034,40.81571267568904,General Academic,West Concourse,54.8,0.0,6263.958208955224,343264.9098507463,0.0
X432,313.0,2778800.0,BRONX BRIDGES HIGH SCHOOL,-73.8559307051322,40.82121847122302,General Academic,Soundview-Castle Hill-Clason Point-Harding Park,48.8,0.0,8877.955271565495,433244.21725239616,0.0
X433,499.0,2936929.0,High School for Teaching and the Professions,-73.89706686426071,40.869061623910014,General Academic,Van Cortlandt Village,53.5,0.0,5885.629258517034,314881.16533066134,0.0
X434,410.0,2749740.0,Belmont Preparatory High School,-73.88862599113037,40.859466550562466,General Academic,Belmont,55.3,14.9,6706.682926829269,370879.56585365854,99929.57560975611
X437,407.0,2695867.0,Fordham High School for the Arts,-73.88862599113037,40.859466550562466,General Academic,Belmont,86.5,2.2,6623.751842751843,572954.5343980343,14572.254054054054
X438,460.0,3520602.0,Fordham Leadership Academy for Business and Techno,-73.88862599113037,40.859466550562466,General Academic,Belmont,41.4,0.0,7653.482608695652,316854.18,0.0
X439,403.0,2571726.0,Bronx High School for Law and Community Service,-73.88862599113037,40.859466550562466,General Academic,Belmont,70.8,3.4,6381.454094292804,451806.9498759305,21696.943920595535
X440,2746.0,11402654.0,DeWitt Clinton High School,-73.88901114459546,40.87995882758119,General Academic,Van Cortlandt Village,41.4,7.4,4152.459577567371,171911.82651128914,30728.200873998543
X442,436.0,2650428.0,"Celia Cruz Bronx High School of Music, The",-73.89706686426071,40.869061623910014,General Academic,Van Cortlandt Village,91.0,9.0,6078.963302752293,553185.6605504587,54710.66972477064
X445,3037.0,14203850.0,Bronx High School of Science,-73.88901114459546,40.87995882758119,General Academic,Van Cortlandt Village,99.1,98.8,4676.934474810669,463484.2064537372,462081.126111294
X446,435.5,1526612.0,Arturo A. Schomburg Satellite Academy Bronx,-73.89826521848029,40.82312451288156,Transfer School,Longwood,16.5,0.0,3505.42365097589,57839.49024110218,0.0
X452,315.0,2262419.0,Bronx Guild,-73.8559307051322,40.82121847122302,General Academic,Soundview-Castle Hill-Clason Point-Harding Park,57.4,0.0,7182.28253968254,412263.0177777778,0.0
X455,1911.0,9286330.0,Harry S Truman High School,-73.83166930594669,40.874035001702964,General Academic,Co-op City,61.7,4.8,4859.408686551544,299825.51596023026,23325.16169544741
X461,435.5,2517120.0,Metropolitan Lighthouse Charter School,-73.92979571742296,40.834590736428574,General Academic,Highbridge,66.30000000000001,2.1500000000000004,5779.839265212399,383203.34328358213,12426.654420206662
X464,435.5,2517120.0,Success Academy Charter School - Bronx 4 - New Yor,-73.85999899493277,40.82292520925037,General Academic,Soundview-Castle Hill-Clason Point-Harding Park,66.30000000000001,2.1500000000000004,5779.839265212399,383203.34328358213,12426.654420206662
X465,435.5,2517120.0,Boys Preparatory Charter School of New York,-73.86873559430896,40.81922187840062,General Academic,Soundview-Castle Hill-Clason Point-Harding Park,66.30000000000001,2.1500000000000004,5779.839265212399,383203.34328358213,12426.654420206662
X473,344.0,2022737.0,Mott Haven Village Preparatory High School,-73.91163331258825,40.818041333234035,General Academic,Melrose South-Mott Haven North,45.5,0.0,5880.049418604651,267542.24854651163,0.0
X477,447.0,2380946.0,Marble Hill High School for International Studies,-73.91268628037135,40.87737994424815,General Academic,Marble Hill-Inwood,92.0,19.6,5326.501118568232,490038.10290827736,104399.42192393736
X478,318.0,1875996.0,THE CINEMA SCHOOL,-73.878191568186,40.83250845658673,General Academic,West Farms-Bronx River,94.7,4.3,5899.358490566037,558669.2490566038,25367.24150943396
X479,323.0,2582253.0,Bronx Career and College Preparatory High School,-73.90059360868163,40.82693346684533,General Academic,Longwood,44.0,0.0,7994.59133126935,351762.0185758514,0.0
X480,435.5,1671022.0,Bronx Regional High School,-73.89826521848029,40.82312451288156,Transfer School,Longwood,7.5,0.0,3837.019517795637,28777.64638346728,0.0
X495,466.0,2262834.0,University Heights Secondary School,-73.91163331258825,40.818041333234035,General Academic,Melrose South-Mott Haven North,89.6,0.0,4855.8669527897,435085.6789699571,0.0
X508,332.0,2853214.0,Bronxdale High School,-73.86072981043235,40.86044355548862,General Academic,Bronxdale,78.0,3.3,8594.018072289156,670333.4096385542,28360.259638554213
X509,255.0,2384026.0,High School of Language and Innovation,-73.86072981043235,40.86044355548862,General Academic,Bronxdale,65.2,16.9,9349.121568627452,609562.7262745099,158000.15450980392
X511,239.0,2365548.0,Bronx Envision Academy,-73.89059104115101,40.83624546253529,General Academic,Crotona Park East,69.1,1.2,9897.690376569039,683930.4050209206,11877.228451882846
X513,401.0,2726599.0,New World High School,-73.85271489925404,40.88824286346987,General Academic,Williamsbridge-Olinville,88.1,21.4,6799.498753117207,599035.8401496259,145509.27331670822
X514,414.0,2586499.0,The Bronxwood Preparatory Academy,-73.85271489925404,40.88824286346987,General Academic,Williamsbridge-Olinville,61.9,3.4,6247.582125603864,386725.3335748792,21241.77922705314
X519,341.0,1942710.0,Felisa Rincon de Gautier Institute for Law and Pub,-73.88118705956552,40.8204869735435,General Academic,Soundview-Castle Hill-Clason Point-Harding Park,39.4,0.0,5697.096774193548,224465.6129032258,0.0
X520,189.0,1354797.0,Foreign Language Academy of Global Studies,-73.90936312361755,40.81105150886687,General Academic,Mott Haven-Port Morris,38.6,0.0,7168.238095238095,276693.9904761905,0.0
X521,316.0,2651926.0,The Metropolitan Soundview High School,-73.878191568186,40.83250845658673,General Academic,West Farms-Bronx River,72.0,7.0,8392.17088607595,604236.3037974684,58745.196202531646
X522,429.0,4057131.0,Bronx Design and Construction Academy,-73.91994936765848,40.81864575558572,General Academic,Melrose South-Mott Haven North,39.8,0.0,9457.181818181818,376395.8363636363,0.0
X524,252.0,2416267.0,Crotona International High School,-73.88248751510241,40.85539281183038,General Academic,Belmont,39.0,0.0,9588.361111111111,373946.0833333333,0.0
X525,711.0,3738186.0,Bronx Leadership Academy High School,-73.90296906884335,40.84325006305944,General Academic,Claremont-Bathgate,53.3,0.0,5257.645569620253,280232.50886075944,0.0
X527,515.0,2940314.0,Bronx Leadership Academy II High School,-73.922366286436,40.82182853757435,General Academic,East Concourse-Concourse Village,57.9,8.3,5709.347572815534,330571.22446601937,47387.584854368935
X530,364.0,2007778.0,Banana Kelly High School,-73.8978760353451,40.817741773466466,General Academic,Longwood,42.5,0.0,5515.873626373626,234424.6291208791,0.0
X537,435.5,1525177.0,Bronx Arena High School,-73.88118705956552,40.8204869735435,Transfer School,Soundview-Castle Hill-Clason Point-Harding Park,3.6,0.0,3502.1285878300805,12607.66291618829,0.0
X539,435.5,2517120.0,New Visions Charter High School for Advanced Math,-73.91268628037135,40.87737994424815,General Academic,Marble Hill-Inwood,87.9,2.6,5779.839265212399,508047.87141216994,15027.58208955224
X542,480.0,2771310.0,Pelham Preparatory Academy,-73.86072981043235,40.86044355548862,General Academic,Bronxdale,84.7,9.0,5773.5625,489020.74375,51962.0625
X543,378.0,2307414.0,High School for Violin and Dance,-73.90392073618277,40.827455038281585,General Academic,Morrisania-Melrose,58.3,0.0,6104.269841269841,355878.93174603174,0.0
X544,518.0,2861032.0,High School for Contemporary Arts,-73.8616499559306,40.875172716843394,General Academic,Williamsbridge-Olinville,55.6,0.7,5523.2277992278,307091.46563706564,3866.2594594594593
X545,404.0,2813501.0,Bronx Aerospace High School,-73.8616499559306,40.875172716843394,General Academic,Williamsbridge-Olinville,68.0,0.0,6964.111386138614,473559.57425742573,0.0
X546,435.0,2843878.0,Bronx Theatre High School,-73.91268628037135,40.87737994424815,General Academic,Marble Hill-Inwood,61.8,0.0,6537.650574712644,404026.80551724136,0.0
X547,463.0,2973269.0,New Explorers High School,-73.922366286436,40.82182853757435,General Academic,East Concourse-Concourse Village,54.5,0.8,6421.747300215983,349985.22786177107,5137.397840172787
X548,575.0,3615981.0,Urban Assembly School for Careers in Sports,-73.922366286436,40.82182853757435,General Academic,East Concourse-Concourse Village,74.5,5.1,6288.662608695652,468505.3643478261,32072.179304347825
X549,542.0,2886699.0,Discovery High School,-73.89706686426071,40.869061623910014,General Academic,Van Cortlandt Village,57.1,28.6,5326.012915129151,304115.3374538745,152323.96937269374
X550,388.0,2330421.0,High School of World Cultures,-73.878191568186,40.83250845658673,General Academic,West Farms-Bronx River,47.5,2.0,6006.23969072165,285296.3853092784,12012.4793814433
X553,435.5,2517120.0,New Visions Charter High School for the Humanities,-73.91268628037135,40.87737994424815,General Academic,Marble Hill-Inwood,65.7,3.8,5779.839265212399,379735.43972445466,21963.389207807115
X557,435.5,2176595.0,Mott Haven Community High School,-73.90752851638509,40.81067128011219,Transfer School,Mott Haven-Port Morris,15.0,0.0,4997.921928817451,74968.82893226176,0.0
X558,251.0,2522206.0,Westchester Square Academy,-73.83958399261853,40.839775883862245,General Academic,Schuylerville-Throgs Neck-Edgewater Park,66.30000000000001,2.1500000000000004,10048.629482071714,666224.1346613547,21604.55338645419
X559,161.0,1886477.0,School for Tourism and Hospitality,-73.90289206632193,40.821723206162616,General Academic,Morrisania-Melrose,66.30000000000001,2.1500000000000004,11717.24844720497,776853.5720496896,25192.08416149069
X561,195.0,2162308.0,Bronx Compass High School,-73.8559307051322,40.82121847122302,General Academic,Soundview-Castle Hill-Clason Point-Harding Park,66.30000000000001,2.1500000000000004,11088.758974358974,735184.7200000001,23840.8317948718
X564,171.0,1910276.0,Claremont International HS,-73.91136654119627,40.83930718418132,General Academic,East Concourse-Concourse Village,66.30000000000001,2.1500000000000004,11171.204678362574,740650.8701754388,24018.090058479538
X565,211.0,2162030.0,High School for Energy and Technology,-73.88248751510241,40.85539281183038,Career Technical,Belmont,66.30000000000001,2.1500000000000004,10246.587677725118,679348.7630331754,22030.163507109006
X600,390.0,2540341.0,Alfred E. Smith Career and Technical Education Hig,-73.91994936765848,40.81864575558572,Career Technical,Melrose South-Mott Haven North,63.0,5.6,6513.694871794872,410362.7769230769,36476.69128205128
X650,435.5,1211141.0,Jane Addams High School for Academic Careers,-73.90289206632193,40.821723206162616,Career Technical,Morrisania-Melrose,55.2,0.0,2781.035591274397,153513.16463834673,0.0
X655,435.5,783677.0,Samuel Gompers Career and Technical Education High,-73.90752851638509,40.81067128011219,Career Technical,Mott Haven-Port Morris,46.8,4.8,1799.48794489093,84216.03582089551,8637.542135476464
X660,435.5,1526397.0,Grace Dodge Career and Technical Education High Sc,-73.88248751510241,40.85539281183038,Career Technical,Belmont,51.0,0.0,3504.929965556831,178751.42824339838,0.0
X670,577.0,3231708.0,Health Opportunities High School,-73.9299601408034,40.81571267568904,General Academic,West Concourse,57.9,4.5,5600.880415944541,324290.9760831889,25203.961871750435
X682,493.0,2832203.0,Fannie Lou Hamer Freedom High School,-73.88580411371682,40.83121250598512,General Academic,Crotona Park East,65.7,0.0,5744.833671399594,377435.57221095334,0.0
X684,534.0,2710260.0,Wings Academy,-73.87526235054878,40.84137623821962,General Academic,East Tremont,53.8,3.4,5075.393258426966,273056.15730337077,17256.337078651683
X692,460.0,2662644.0,Monroe Academy for Visual Arts & Design,-73.878191568186,40.83250845658673,General Academic,West Farms-Bronx River,49.5,0.0,5788.356521739131,286523.64782608696,0.0
X696,387.0,2509466.0,High School of American Studies at Lehman College,-73.89554302120469,40.87472530590075,General Academic,Van Cortlandt Village,99.0,91.8,6484.4082687338505,641956.4186046512,595268.6790697675
X704,435.5,2517120.0,KIPP Academy Charter School,-73.92114057671384,40.82257426918312,General Academic,East Concourse-Concourse Village,90.0,58.3,5779.839265212399,520185.5338691159,336964.62916188285
X723,435.5,2517120.0,P.S. 723,-73.83185640742506,40.882980236225784,Special Education,Co-op City,66.30000000000001,2.1500000000000004,5779.839265212399,383203.34328358213,12426.654420206662
X754,435.5,2517120.0,J. M. Rapport School Career Development,-73.90936312361755,40.81105150886687,Special Education,Mott Haven-Port Morris,66.30000000000001,2.1500000000000004,5779.839265212399,383203.34328358213,12426.654420206662
